Copyright 1986-2022 Xilinx, Inc. All Rights Reserved. Copyright 2022-2024 Advanced Micro Devices, Inc. All Rights Reserved.
----------------------------------------------------------------------------------------------------------------------------------------------------------------------------------------------------
| Tool Version : Vivado v.2024.2 (lin64) Build 5239630 Fri Nov 08 22:34:34 MST 2024
| Date         : Tue Aug  4 09:20:17 2026
| Host         : andy-ThinkPad-P53 running 64-bit Ubuntu 24.04.4 LTS
| Command      : report_utilization -hierarchical -file /media/andy/9cf23886-b985-4f84-a422-2da06e76f300/home/byovsh/Documents/Vscode/Proyecto/version_final_martes/RISCV-SoC/reports/util_hier.rpt
| Design       : riscv_soc_tick
| Device       : xck26-sfvc784-2LV-c
| Speed File   : -2LV
| Design State : Routed
----------------------------------------------------------------------------------------------------------------------------------------------------------------------------------------------------

Utilization Design Information

Table of Contents
-----------------
1. Utilization by Hierarchy

1. Utilization by Hierarchy
---------------------------

+---------------------------------------------------------------------------+------------------------------------------------------------------------+------------+------------+---------+------+-------+--------+--------+------+------------+
|                                  Instance                                 |                                 Module                                 | Total LUTs | Logic LUTs | LUTRAMs | SRLs |  FFs  | RAMB36 | RAMB18 | URAM | DSP Blocks |
+---------------------------------------------------------------------------+------------------------------------------------------------------------+------------+------------+---------+------+-------+--------+--------+------+------------+
| riscv_soc_tick                                                            |                                                                  (top) |      21890 |      21482 |     192 |  216 | 14687 |      5 |     11 |    0 |         39 |
|   (riscv_soc_tick)                                                        |                                                                  (top) |        920 |        905 |       0 |   15 |  4096 |      0 |      0 |    0 |          0 |
|   control_s_axi_U                                                         |                                           riscv_soc_tick_control_s_axi |        130 |        130 |       0 |    0 |    25 |      0 |      0 |    0 |          0 |
|   frat_has_tag_U                                                          |                               riscv_soc_tick_rat_has_tag_RAM_AUTO_1R1W |         10 |         10 |       0 |    0 |     0 |      0 |      1 |    0 |          0 |
|   frat_tag_U                                                              |                                  riscv_soc_tick_frat_tag_RAM_AUTO_1R1W |         43 |         43 |       0 |    0 |     0 |      0 |      1 |    0 |          0 |
|   fregs_U                                                                 |                                     riscv_soc_tick_fregs_RAM_AUTO_1R1W |         36 |         36 |       0 |    0 |     0 |      1 |      0 |    0 |          0 |
|   grp_fpu_compute_fu_7131                                                 |                                             riscv_soc_tick_fpu_compute |       2916 |       2869 |       0 |   47 |  1553 |      0 |      0 |    0 |          5 |
|     (grp_fpu_compute_fu_7131)                                             |                                             riscv_soc_tick_fpu_compute |        640 |        635 |       0 |    5 |   432 |      0 |      0 |    0 |          0 |
|     bitselect_1ns_32ns_32s_1_1_1_U94                                      |                            riscv_soc_tick_bitselect_1ns_32ns_32s_1_1_1 |          9 |          9 |       0 |    0 |     0 |      0 |      0 |    0 |          0 |
|     faddfsub_32ns_32ns_32_4_full_dsp_1_U83                                |                      riscv_soc_tick_faddfsub_32ns_32ns_32_4_full_dsp_1 |        239 |        239 |       0 |    0 |   200 |      0 |      0 |    0 |          2 |
|       (faddfsub_32ns_32ns_32_4_full_dsp_1_U83)                            |                      riscv_soc_tick_faddfsub_32ns_32ns_32_4_full_dsp_1 |         66 |         66 |       0 |    0 |    65 |      0 |      0 |    0 |          0 |
|       riscv_soc_tick_faddfsub_32ns_32ns_32_4_full_dsp_1_ip_u              |                   riscv_soc_tick_faddfsub_32ns_32ns_32_4_full_dsp_1_ip |        173 |        173 |       0 |    0 |   135 |      0 |      0 |    0 |          2 |
|         inst                                                              |                                                 floating_point_v7_1_19 |        173 |        173 |       0 |    0 |   135 |      0 |      0 |    0 |          2 |
|           i_synth                                                         |                                             floating_point_v7_1_19_viv |        173 |        173 |       0 |    0 |   135 |      0 |      0 |    0 |          2 |
|             ADDSUB_OP.ADDSUB                                              |                                                                flt_add |        173 |        173 |       0 |    0 |   135 |      0 |      0 |    0 |          2 |
|               DSP.OP                                                      |                                                            flt_add_dsp |        173 |        173 |       0 |    0 |   135 |      0 |      0 |    0 |          2 |
|                 A_IP_DELAY                                                |                                                              delay_385 |         30 |         30 |       0 |    0 |    23 |      0 |      0 |    0 |          0 |
|                   i_pipe                                                  |                              xbip_pipe_v3_0_10_viv__parameterized1_419 |         30 |         30 |       0 |    0 |    23 |      0 |      0 |    0 |          0 |
|                 B_IP_DELAY                                                |                                                              delay_386 |         23 |         23 |       0 |    0 |    23 |      0 |      0 |    0 |          0 |
|                   i_pipe                                                  |                              xbip_pipe_v3_0_10_viv__parameterized1_418 |         23 |         23 |       0 |    0 |    23 |      0 |      0 |    0 |          0 |
|                 DSP48E1_BODY.ALIGN_ADD                                    |                                                  align_add_dsp48e1_sgl |         11 |         11 |       0 |    0 |     0 |      0 |      0 |    0 |          1 |
|                   DSP2                                                    |                                                        dsp48e1_wrapper |         11 |         11 |       0 |    0 |     0 |      0 |      0 |    0 |          1 |
|                   ZERO_14_DET.CARRY_MUX                                   |                                            carry_chain__parameterized0 |          0 |          0 |       0 |    0 |     0 |      0 |      0 |    0 |          0 |
|                   ZERO_14_DET.ZERO_DET                                    |                                                          compare_eq_im |          0 |          0 |       0 |    0 |     0 |      0 |      0 |    0 |          0 |
|                     CARRY_ZERO_DET                                        |                                                            carry_chain |          0 |          0 |       0 |    0 |     0 |      0 |      0 |    0 |          0 |
|                 DSP48E1_BODY.EXP                                          |                                                         flt_add_exp_sp |         72 |         72 |       0 |    0 |    46 |      0 |      0 |    0 |          0 |
|                   (DSP48E1_BODY.EXP)                                      |                                                         flt_add_exp_sp |          8 |          8 |       0 |    0 |     0 |      0 |      0 |    0 |          0 |
|                   A_EXP_DELAY                                             |                                             delay__parameterized22_391 |          0 |          0 |       0 |    0 |     8 |      0 |      0 |    0 |          0 |
|                     i_pipe                                                |                             xbip_pipe_v3_0_10_viv__parameterized37_417 |          0 |          0 |       0 |    0 |     8 |      0 |      0 |    0 |          0 |
|                   A_SIGN_DELAY                                            |                                             delay__parameterized12_392 |          0 |          0 |       0 |    0 |     1 |      0 |      0 |    0 |          0 |
|                     i_pipe                                                |                             xbip_pipe_v3_0_10_viv__parameterized23_416 |          0 |          0 |       0 |    0 |     1 |      0 |      0 |    0 |          0 |
|                   BMA_EXP_DELAY                                           |                                                 delay__parameterized25 |         20 |         20 |       0 |    0 |     9 |      0 |      0 |    0 |          0 |
|                     i_pipe                                                |                             xbip_pipe_v3_0_10_viv__parameterized41_415 |         20 |         20 |       0 |    0 |     9 |      0 |      0 |    0 |          0 |
|                   B_EXP_DELAY                                             |                                             delay__parameterized22_393 |          0 |          0 |       0 |    0 |     8 |      0 |      0 |    0 |          0 |
|                     i_pipe                                                |                             xbip_pipe_v3_0_10_viv__parameterized37_414 |          0 |          0 |       0 |    0 |     8 |      0 |      0 |    0 |          0 |
|                   B_SIGN_DELAY                                            |                                             delay__parameterized12_394 |          2 |          2 |       0 |    0 |     1 |      0 |      0 |    0 |          0 |
|                     i_pipe                                                |                             xbip_pipe_v3_0_10_viv__parameterized23_413 |          2 |          2 |       0 |    0 |     1 |      0 |      0 |    0 |          0 |
|                   COND_DET_A                                              |                                                         special_detect |          8 |          8 |       0 |    0 |     3 |      0 |      0 |    0 |          0 |
|                     EXP_DET_LUT.EXP_ALL_ONE_DEL                           |                                             delay__parameterized20_407 |          2 |          2 |       0 |    0 |     1 |      0 |      0 |    0 |          0 |
|                       i_pipe                                              |                             xbip_pipe_v3_0_10_viv__parameterized35_412 |          2 |          2 |       0 |    0 |     1 |      0 |      0 |    0 |          0 |
|                     EXP_DET_LUT.EXP_ALL_ZERO_DEL                          |                                             delay__parameterized20_408 |          3 |          3 |       0 |    0 |     1 |      0 |      0 |    0 |          0 |
|                       i_pipe                                              |                             xbip_pipe_v3_0_10_viv__parameterized35_411 |          3 |          3 |       0 |    0 |     1 |      0 |      0 |    0 |          0 |
|                     MANT_CARRY.MANT_ALL_ZERO_DET                          |                                      compare_eq_im__parameterized0_409 |          4 |          4 |       0 |    0 |     1 |      0 |      0 |    0 |          0 |
|                       CARRY_ZERO_DET                                      |                                        carry_chain__parameterized1_410 |          4 |          4 |       0 |    0 |     1 |      0 |      0 |    0 |          0 |
|                   COND_DET_B                                              |                                                     special_detect_395 |         13 |         13 |       0 |    0 |     3 |      0 |      0 |    0 |          0 |
|                     EXP_DET_LUT.EXP_ALL_ONE_DEL                           |                                             delay__parameterized20_403 |          2 |          2 |       0 |    0 |     1 |      0 |      0 |    0 |          0 |
|                       i_pipe                                              |                             xbip_pipe_v3_0_10_viv__parameterized35_406 |          2 |          2 |       0 |    0 |     1 |      0 |      0 |    0 |          0 |
|                     EXP_DET_LUT.EXP_ALL_ZERO_DEL                          |                                             delay__parameterized20_404 |          5 |          5 |       0 |    0 |     1 |      0 |      0 |    0 |          0 |
|                       i_pipe                                              |                             xbip_pipe_v3_0_10_viv__parameterized35_405 |          5 |          5 |       0 |    0 |     1 |      0 |      0 |    0 |          0 |
|                     MANT_CARRY.MANT_ALL_ZERO_DET                          |                                          compare_eq_im__parameterized0 |          7 |          7 |       0 |    0 |     1 |      0 |      0 |    0 |          0 |
|                       CARRY_ZERO_DET                                      |                                            carry_chain__parameterized1 |          7 |          7 |       0 |    0 |     1 |      0 |      0 |    0 |          0 |
|                   DET_SIGN_DELAY                                          |                                                 delay__parameterized20 |          0 |          0 |       0 |    0 |     1 |      0 |      0 |    0 |          0 |
|                     i_pipe                                                |                             xbip_pipe_v3_0_10_viv__parameterized35_402 |          0 |          0 |       0 |    0 |     1 |      0 |      0 |    0 |          0 |
|                   EXP_OFF.LRG_EXP_DELAY                                   |                                             delay__parameterized25_396 |          3 |          3 |       0 |    0 |     8 |      0 |      0 |    0 |          0 |
|                     i_pipe                                                |                                 xbip_pipe_v3_0_10_viv__parameterized41 |          3 |          3 |       0 |    0 |     8 |      0 |      0 |    0 |          0 |
|                   EXP_OFF.STRUCT_ADD                                      |                                            carry_chain__parameterized3 |          0 |          0 |       0 |    0 |     0 |      0 |      0 |    0 |          0 |
|                   NUMB_CMP                                                |                                                                compare |         16 |         16 |       0 |    0 |     1 |      0 |      0 |    0 |          0 |
|                     NOT_FAST.CMP                                          |                                                             compare_gt |         16 |         16 |       0 |    0 |     1 |      0 |      0 |    0 |          0 |
|                       C_CHAIN                                             |                                            carry_chain__parameterized2 |         16 |         16 |       0 |    0 |     1 |      0 |      0 |    0 |          0 |
|                   STATE_DELAY                                             |                                                 delay__parameterized26 |          2 |          2 |       0 |    0 |     2 |      0 |      0 |    0 |          0 |
|                     i_pipe                                                |                                 xbip_pipe_v3_0_10_viv__parameterized43 |          2 |          2 |       0 |    0 |     2 |      0 |      0 |    0 |          0 |
|                   SUB_DELAY                                               |                                             delay__parameterized12_398 |          2 |          2 |       0 |    0 |     1 |      0 |      0 |    0 |          0 |
|                     i_pipe                                                |                             xbip_pipe_v3_0_10_viv__parameterized23_400 |          2 |          2 |       0 |    0 |     1 |      0 |      0 |    0 |          0 |
|                   merged_sub_mux.STRUCT_ADD                               |                                        carry_chain__parameterized3_399 |          0 |          0 |       0 |    0 |     0 |      0 |      0 |    0 |          0 |
|                 DSP48E1_BODY.NORM_RND                                     |                                             norm_and_round_dsp48e1_sgl |         61 |         61 |       0 |    0 |    43 |      0 |      0 |    0 |          1 |
|                   (DSP48E1_BODY.NORM_RND)                                 |                                             norm_and_round_dsp48e1_sgl |          3 |          3 |       0 |    0 |     0 |      0 |      0 |    0 |          0 |
|                   FULL_USAGE_DSP.LOD                                      |                                                 lead_zero_encode_shift |         47 |         47 |       0 |    0 |    35 |      0 |      0 |    0 |          0 |
|                     (FULL_USAGE_DSP.LOD)                                  |                                                 lead_zero_encode_shift |         28 |         28 |       0 |    0 |     8 |      0 |      0 |    0 |          0 |
|                     LEAD16_DELAY                                          |                                             delay__parameterized12_389 |         12 |         12 |       0 |    0 |     1 |      0 |      0 |    0 |          0 |
|                       i_pipe                                              |                             xbip_pipe_v3_0_10_viv__parameterized23_390 |         12 |         12 |       0 |    0 |     1 |      0 |      0 |    0 |          0 |
|                     NORM_DELAY                                            |                                                 delay__parameterized11 |          9 |          9 |       0 |    0 |    26 |      0 |      0 |    0 |          0 |
|                       i_pipe                                              |                                 xbip_pipe_v3_0_10_viv__parameterized21 |          9 |          9 |       0 |    0 |    26 |      0 |      0 |    0 |          0 |
|                   FULL_USAGE_DSP.SHIFT_RND                                |                                        dsp48e1_wrapper__parameterized0 |         11 |         11 |       0 |    0 |     0 |      0 |      0 |    0 |          1 |
|                   FULL_USAGE_DSP.mant_in_delay                            |                                                 delay__parameterized15 |          0 |          0 |       0 |    0 |     3 |      0 |      0 |    0 |          0 |
|                     i_pipe                                                |                                 xbip_pipe_v3_0_10_viv__parameterized29 |          0 |          0 |       0 |    0 |     3 |      0 |      0 |    0 |          0 |
|                   FULL_USAGE_DSP.mod_lod_delay                            |                                                 delay__parameterized14 |          0 |          0 |       0 |    0 |     4 |      0 |      0 |    0 |          0 |
|                     i_pipe                                                |                                 xbip_pipe_v3_0_10_viv__parameterized27 |          0 |          0 |       0 |    0 |     4 |      0 |      0 |    0 |          0 |
|                   FULL_USAGE_DSP.zeros_delay                              |                                             delay__parameterized12_387 |          0 |          0 |       0 |    0 |     1 |      0 |      0 |    0 |          0 |
|                     i_pipe                                                |                             xbip_pipe_v3_0_10_viv__parameterized23_388 |          0 |          0 |       0 |    0 |     1 |      0 |      0 |    0 |          0 |
|                 OP                                                        |                                                             flt_dec_op |          0 |          0 |       0 |    0 |     0 |      0 |      0 |    0 |          0 |
|     fcmp_32ns_32ns_1_2_no_dsp_1_U88                                       |                             riscv_soc_tick_fcmp_32ns_32ns_1_2_no_dsp_1 |        269 |        269 |       0 |    0 |    68 |      0 |      0 |    0 |          0 |
|       (fcmp_32ns_32ns_1_2_no_dsp_1_U88)                                   |                             riscv_soc_tick_fcmp_32ns_32ns_1_2_no_dsp_1 |         41 |         41 |       0 |    0 |    68 |      0 |      0 |    0 |          0 |
|       riscv_soc_tick_fcmp_32ns_32ns_1_2_no_dsp_1_ip_u                     |                      riscv_soc_tick_fcmp_32ns_32ns_1_2_no_dsp_1_ip_368 |        228 |        228 |       0 |    0 |     0 |      0 |      0 |    0 |          0 |
|         (riscv_soc_tick_fcmp_32ns_32ns_1_2_no_dsp_1_ip_u)                 |                      riscv_soc_tick_fcmp_32ns_32ns_1_2_no_dsp_1_ip_368 |        183 |        183 |       0 |    0 |     0 |      0 |      0 |    0 |          0 |
|         inst                                                              |                              floating_point_v7_1_19__parameterized4__1 |         45 |         45 |       0 |    0 |     0 |      0 |      0 |    0 |          0 |
|           i_synth                                                         |                          floating_point_v7_1_19_viv__parameterized9__1 |         45 |         45 |       0 |    0 |     0 |      0 |      0 |    0 |          0 |
|             COMP_OP.SPD.OP                                                |                                                             fp_cmp_369 |         45 |         45 |       0 |    0 |     0 |      0 |      0 |    0 |          0 |
|               STRUCT_CMP.A_EQ_B_DET                                       |                                                         compare_eq_370 |         11 |         11 |       0 |    0 |     0 |      0 |      0 |    0 |          0 |
|                 WIDE_AND                                                  |                                       carry_chain__parameterized18_383 |         11 |         11 |       0 |    0 |     0 |      0 |      0 |    0 |          0 |
|               STRUCT_CMP.A_EXP_ALL_ONE_DET                                |                                      compare_eq_im__parameterized3_371 |          3 |          3 |       0 |    0 |     0 |      0 |      0 |    0 |          0 |
|                 CARRY_ZERO_DET                                            |                                       carry_chain__parameterized17_382 |          3 |          3 |       0 |    0 |     0 |      0 |      0 |    0 |          0 |
|               STRUCT_CMP.A_FRAC_NOT_ZERO_DET                              |                                                      compare_ne_im_372 |          4 |          4 |       0 |    0 |     0 |      0 |      0 |    0 |          0 |
|                 WIDE_NOR                                                  |                                        carry_chain__parameterized5_381 |          4 |          4 |       0 |    0 |     0 |      0 |      0 |    0 |          0 |
|               STRUCT_CMP.A_GT_B_DET                                       |                                         compare_gt__parameterized0_373 |         18 |         18 |       0 |    0 |     0 |      0 |      0 |    0 |          0 |
|                 C_CHAIN                                                   |                                       carry_chain__parameterized19_380 |         18 |         18 |       0 |    0 |     0 |      0 |      0 |    0 |          0 |
|               STRUCT_CMP.B_EXP_ALL_ONE_DET                                |                                      compare_eq_im__parameterized3_374 |          2 |          2 |       0 |    0 |     0 |      0 |      0 |    0 |          0 |
|                 CARRY_ZERO_DET                                            |                                       carry_chain__parameterized17_379 |          2 |          2 |       0 |    0 |     0 |      0 |      0 |    0 |          0 |
|               STRUCT_CMP.B_FRAC_NOT_ZERO_DET                              |                                                      compare_ne_im_375 |          4 |          4 |       0 |    0 |     0 |      0 |      0 |    0 |          0 |
|                 WIDE_NOR                                                  |                                        carry_chain__parameterized5_378 |          4 |          4 |       0 |    0 |     0 |      0 |      0 |    0 |          0 |
|               STRUCT_CMP.EXP_ALL_ZERO_DET                                 |                                      compare_eq_im__parameterized2_376 |          4 |          4 |       0 |    0 |     0 |      0 |      0 |    0 |          0 |
|                 CARRY_ZERO_DET                                            |                                       carry_chain__parameterized16_377 |          4 |          4 |       0 |    0 |     0 |      0 |      0 |    0 |          0 |
|     fcmp_32ns_32ns_1_2_no_dsp_1_U89                                       |                         riscv_soc_tick_fcmp_32ns_32ns_1_2_no_dsp_1_221 |          6 |          6 |       0 |    0 |     0 |      0 |      0 |    0 |          0 |
|       riscv_soc_tick_fcmp_32ns_32ns_1_2_no_dsp_1_ip_u                     |                      riscv_soc_tick_fcmp_32ns_32ns_1_2_no_dsp_1_ip_358 |          6 |          6 |       0 |    0 |     0 |      0 |      0 |    0 |          0 |
|         inst                                                              |                              floating_point_v7_1_19__parameterized4__2 |          6 |          6 |       0 |    0 |     0 |      0 |      0 |    0 |          0 |
|           i_synth                                                         |                          floating_point_v7_1_19_viv__parameterized9__2 |          6 |          6 |       0 |    0 |     0 |      0 |      0 |    0 |          0 |
|             COMP_OP.SPD.OP                                                |                                                             fp_cmp_359 |          6 |          6 |       0 |    0 |     0 |      0 |      0 |    0 |          0 |
|               STRUCT_CMP.A_EXP_ALL_ONE_DET                                |                                      compare_eq_im__parameterized3_360 |          2 |          2 |       0 |    0 |     0 |      0 |      0 |    0 |          0 |
|                 (STRUCT_CMP.A_EXP_ALL_ONE_DET)                            |                                      compare_eq_im__parameterized3_360 |          1 |          1 |       0 |    0 |     0 |      0 |      0 |    0 |          0 |
|                 CARRY_ZERO_DET                                            |                                       carry_chain__parameterized17_367 |          1 |          1 |       0 |    0 |     0 |      0 |      0 |    0 |          0 |
|               STRUCT_CMP.A_FRAC_NOT_ZERO_DET                              |                                                      compare_ne_im_361 |          4 |          4 |       0 |    0 |     0 |      0 |      0 |    0 |          0 |
|                 (STRUCT_CMP.A_FRAC_NOT_ZERO_DET)                          |                                                      compare_ne_im_361 |          4 |          4 |       0 |    0 |     0 |      0 |      0 |    0 |          0 |
|                 WIDE_NOR                                                  |                                        carry_chain__parameterized5_366 |          0 |          0 |       0 |    0 |     0 |      0 |      0 |    0 |          0 |
|     fcmp_32ns_32ns_1_2_no_dsp_1_U90                                       |                         riscv_soc_tick_fcmp_32ns_32ns_1_2_no_dsp_1_222 |         18 |         18 |       0 |    0 |    26 |      0 |      0 |    0 |          0 |
|       (fcmp_32ns_32ns_1_2_no_dsp_1_U90)                                   |                         riscv_soc_tick_fcmp_32ns_32ns_1_2_no_dsp_1_222 |          0 |          0 |       0 |    0 |    26 |      0 |      0 |    0 |          0 |
|       riscv_soc_tick_fcmp_32ns_32ns_1_2_no_dsp_1_ip_u                     |                      riscv_soc_tick_fcmp_32ns_32ns_1_2_no_dsp_1_ip_344 |         18 |         18 |       0 |    0 |     0 |      0 |      0 |    0 |          0 |
|         (riscv_soc_tick_fcmp_32ns_32ns_1_2_no_dsp_1_ip_u)                 |                      riscv_soc_tick_fcmp_32ns_32ns_1_2_no_dsp_1_ip_344 |          1 |          1 |       0 |    0 |     0 |      0 |      0 |    0 |          0 |
|         inst                                                              |                              floating_point_v7_1_19__parameterized4__3 |         17 |         17 |       0 |    0 |     0 |      0 |      0 |    0 |          0 |
|           i_synth                                                         |                          floating_point_v7_1_19_viv__parameterized9__3 |         17 |         17 |       0 |    0 |     0 |      0 |      0 |    0 |          0 |
|             COMP_OP.SPD.OP                                                |                                                             fp_cmp_345 |         17 |         17 |       0 |    0 |     0 |      0 |      0 |    0 |          0 |
|               STRUCT_CMP.A_EQ_B_DET                                       |                                                         compare_eq_346 |         11 |         11 |       0 |    0 |     0 |      0 |      0 |    0 |          0 |
|                 (STRUCT_CMP.A_EQ_B_DET)                                   |                                                         compare_eq_346 |          2 |          2 |       0 |    0 |     0 |      0 |      0 |    0 |          0 |
|                 WIDE_AND                                                  |                                       carry_chain__parameterized18_357 |          9 |          9 |       0 |    0 |     0 |      0 |      0 |    0 |          0 |
|               STRUCT_CMP.A_EXP_ALL_ONE_DET                                |                                      compare_eq_im__parameterized3_347 |          2 |          2 |       0 |    0 |     0 |      0 |      0 |    0 |          0 |
|                 (STRUCT_CMP.A_EXP_ALL_ONE_DET)                            |                                      compare_eq_im__parameterized3_347 |          1 |          1 |       0 |    0 |     0 |      0 |      0 |    0 |          0 |
|                 CARRY_ZERO_DET                                            |                                       carry_chain__parameterized17_356 |          1 |          1 |       0 |    0 |     0 |      0 |      0 |    0 |          0 |
|               STRUCT_CMP.A_FRAC_NOT_ZERO_DET                              |                                                      compare_ne_im_348 |          4 |          4 |       0 |    0 |     0 |      0 |      0 |    0 |          0 |
|                 (STRUCT_CMP.A_FRAC_NOT_ZERO_DET)                          |                                                      compare_ne_im_348 |          4 |          4 |       0 |    0 |     0 |      0 |      0 |    0 |          0 |
|                 WIDE_NOR                                                  |                                        carry_chain__parameterized5_355 |          0 |          0 |       0 |    0 |     0 |      0 |      0 |    0 |          0 |
|     fcmp_32ns_32ns_1_2_no_dsp_1_U91                                       |                         riscv_soc_tick_fcmp_32ns_32ns_1_2_no_dsp_1_223 |         34 |         34 |       0 |    0 |     0 |      0 |      0 |    0 |          0 |
|       riscv_soc_tick_fcmp_32ns_32ns_1_2_no_dsp_1_ip_u                     |                          riscv_soc_tick_fcmp_32ns_32ns_1_2_no_dsp_1_ip |         34 |         34 |       0 |    0 |     0 |      0 |      0 |    0 |          0 |
|         inst                                                              |                                 floating_point_v7_1_19__parameterized4 |         34 |         34 |       0 |    0 |     0 |      0 |      0 |    0 |          0 |
|           i_synth                                                         |                             floating_point_v7_1_19_viv__parameterized9 |         34 |         34 |       0 |    0 |     0 |      0 |      0 |    0 |          0 |
|             COMP_OP.SPD.OP                                                |                                                                 fp_cmp |         34 |         34 |       0 |    0 |     0 |      0 |      0 |    0 |          0 |
|               STRUCT_CMP.A_EQ_B_DET                                       |                                                             compare_eq |         10 |         10 |       0 |    0 |     0 |      0 |      0 |    0 |          0 |
|                 WIDE_AND                                                  |                                           carry_chain__parameterized18 |         10 |         10 |       0 |    0 |     0 |      0 |      0 |    0 |          0 |
|               STRUCT_CMP.A_EXP_ALL_ONE_DET                                |                                          compare_eq_im__parameterized3 |          5 |          5 |       0 |    0 |     0 |      0 |      0 |    0 |          0 |
|                 (STRUCT_CMP.A_EXP_ALL_ONE_DET)                            |                                          compare_eq_im__parameterized3 |          3 |          3 |       0 |    0 |     0 |      0 |      0 |    0 |          0 |
|                 CARRY_ZERO_DET                                            |                                       carry_chain__parameterized17_343 |          2 |          2 |       0 |    0 |     0 |      0 |      0 |    0 |          0 |
|               STRUCT_CMP.A_FRAC_NOT_ZERO_DET                              |                                                          compare_ne_im |          4 |          4 |       0 |    0 |     0 |      0 |      0 |    0 |          0 |
|                 (STRUCT_CMP.A_FRAC_NOT_ZERO_DET)                          |                                                          compare_ne_im |          4 |          4 |       0 |    0 |     0 |      0 |      0 |    0 |          0 |
|                 WIDE_NOR                                                  |                                        carry_chain__parameterized5_342 |          0 |          0 |       0 |    0 |     0 |      0 |      0 |    0 |          0 |
|               STRUCT_CMP.A_GT_B_DET                                       |                                             compare_gt__parameterized0 |         15 |         15 |       0 |    0 |     0 |      0 |      0 |    0 |          0 |
|                 C_CHAIN                                                   |                                           carry_chain__parameterized19 |         15 |         15 |       0 |    0 |     0 |      0 |      0 |    0 |          0 |
|     fdiv_32ns_32ns_32_9_no_dsp_1_U85                                      |                            riscv_soc_tick_fdiv_32ns_32ns_32_9_no_dsp_1 |        779 |        748 |       0 |   31 |   350 |      0 |      0 |    0 |          0 |
|       (fdiv_32ns_32ns_32_9_no_dsp_1_U85)                                  |                            riscv_soc_tick_fdiv_32ns_32ns_32_9_no_dsp_1 |          0 |          0 |       0 |    0 |    32 |      0 |      0 |    0 |          0 |
|       riscv_soc_tick_fdiv_32ns_32ns_32_9_no_dsp_1_ip_u                    |                         riscv_soc_tick_fdiv_32ns_32ns_32_9_no_dsp_1_ip |        779 |        748 |       0 |   31 |   318 |      0 |      0 |    0 |          0 |
|         inst                                                              |                                 floating_point_v7_1_19__parameterized1 |        779 |        748 |       0 |   31 |   318 |      0 |      0 |    0 |          0 |
|           i_synth                                                         |                             floating_point_v7_1_19_viv__parameterized3 |        779 |        748 |       0 |   31 |   318 |      0 |      0 |    0 |          0 |
|             DIV_OP.SPD.OP                                                 |                                                                flt_div |        779 |        748 |       0 |   31 |   318 |      0 |      0 |    0 |          0 |
|               EXP                                                         |                                                            flt_div_exp |         77 |         65 |       0 |   12 |    15 |      0 |      0 |    0 |          0 |
|                 DIV_BY_ZERO_DEL                                           |                                                 delay__parameterized50 |         15 |         15 |       0 |    0 |     0 |      0 |      0 |    0 |          0 |
|                   i_pipe                                                  |                             xbip_pipe_v3_0_10_viv__parameterized85_338 |         15 |         15 |       0 |    0 |     0 |      0 |      0 |    0 |          0 |
|                 EXP_PRE_RND_DEL                                           |                                                 delay__parameterized52 |         15 |          7 |       0 |    8 |     8 |      0 |      0 |    0 |          0 |
|                   i_pipe                                                  |                                 xbip_pipe_v3_0_10_viv__parameterized87 |         15 |          7 |       0 |    8 |     8 |      0 |      0 |    0 |          0 |
|                 FLOW_DEC_DEL                                              |                                             delay__parameterized50_332 |          8 |          7 |       0 |    1 |     2 |      0 |      0 |    0 |          0 |
|                   i_pipe                                                  |                             xbip_pipe_v3_0_10_viv__parameterized85_337 |          8 |          7 |       0 |    1 |     2 |      0 |      0 |    0 |          0 |
|                 FLOW_UP_DEL                                               |                                                 delay__parameterized54 |          7 |          7 |       0 |    0 |     0 |      0 |      0 |    0 |          0 |
|                   i_pipe                                                  |                                 xbip_pipe_v3_0_10_viv__parameterized91 |          7 |          7 |       0 |    0 |     0 |      0 |      0 |    0 |          0 |
|                 INV_OP_DEL                                                |                                                 delay__parameterized51 |          7 |          7 |       0 |    0 |     0 |      0 |      0 |    0 |          0 |
|                   i_pipe                                                  |                             xbip_pipe_v3_0_10_viv__parameterized85_336 |          7 |          7 |       0 |    0 |     0 |      0 |      0 |    0 |          0 |
|                 SIGN_UP_DELAY                                             |                                             delay__parameterized51_334 |          3 |          2 |       0 |    1 |     1 |      0 |      0 |    0 |          0 |
|                   i_pipe                                                  |                                 xbip_pipe_v3_0_10_viv__parameterized85 |          3 |          2 |       0 |    1 |     1 |      0 |      0 |    0 |          0 |
|                 STATE_UP_DELAY                                            |                                                 delay__parameterized53 |         25 |         23 |       0 |    2 |     4 |      0 |      0 |    0 |          0 |
|                   i_pipe                                                  |                                 xbip_pipe_v3_0_10_viv__parameterized89 |         25 |         23 |       0 |    2 |     4 |      0 |      0 |    0 |          0 |
|               MANT_DIV                                                    |                                                           flt_div_mant |        672 |        653 |       0 |   19 |   271 |      0 |      0 |    0 |          0 |
|                 Q_MANT_DEL                                                |                                             delay__parameterized48_263 |          1 |          1 |       0 |    0 |    26 |      0 |      0 |    0 |          0 |
|                   i_pipe                                                  |                             xbip_pipe_v3_0_10_viv__parameterized81_331 |          1 |          1 |       0 |    0 |    26 |      0 |      0 |    0 |          0 |
|                 RT[0].ADDSUB                                              |                                                    flt_div_mant_addsub |         52 |         52 |       0 |    0 |     0 |      0 |      0 |    0 |          0 |
|                   ADDSUB                                                  |                                        carry_chain__parameterized6_330 |         52 |         52 |       0 |    0 |     0 |      0 |      0 |    0 |          0 |
|                 RT[10].ADDSUB                                             |                                                flt_div_mant_addsub_264 |         25 |         25 |       0 |    0 |     0 |      0 |      0 |    0 |          0 |
|                   (RT[10].ADDSUB)                                         |                                                flt_div_mant_addsub_264 |         23 |         23 |       0 |    0 |     0 |      0 |      0 |    0 |          0 |
|                   ADDSUB                                                  |                                        carry_chain__parameterized6_329 |          2 |          2 |       0 |    0 |     0 |      0 |      0 |    0 |          0 |
|                 RT[11].ADDSUB                                             |                                                flt_div_mant_addsub_265 |         25 |         25 |       0 |    0 |     0 |      0 |      0 |    0 |          0 |
|                   (RT[11].ADDSUB)                                         |                                                flt_div_mant_addsub_265 |         23 |         23 |       0 |    0 |     0 |      0 |      0 |    0 |          0 |
|                   ADDSUB                                                  |                                        carry_chain__parameterized6_328 |          2 |          2 |       0 |    0 |     0 |      0 |      0 |    0 |          0 |
|                 RT[12].ADDSUB                                             |                                                flt_div_mant_addsub_266 |         25 |         25 |       0 |    0 |     0 |      0 |      0 |    0 |          0 |
|                   (RT[12].ADDSUB)                                         |                                                flt_div_mant_addsub_266 |         23 |         23 |       0 |    0 |     0 |      0 |      0 |    0 |          0 |
|                   ADDSUB                                                  |                                        carry_chain__parameterized6_327 |          2 |          2 |       0 |    0 |     0 |      0 |      0 |    0 |          0 |
|                 RT[13].ADDSUB                                             |                                                flt_div_mant_addsub_267 |         25 |         25 |       0 |    0 |     0 |      0 |      0 |    0 |          0 |
|                   (RT[13].ADDSUB)                                         |                                                flt_div_mant_addsub_267 |         23 |         23 |       0 |    0 |     0 |      0 |      0 |    0 |          0 |
|                   ADDSUB                                                  |                                        carry_chain__parameterized6_326 |          2 |          2 |       0 |    0 |     0 |      0 |      0 |    0 |          0 |
|                 RT[14].ADDSUB                                             |                                    flt_div_mant_addsub__parameterized0 |         25 |         25 |       0 |    0 |    25 |      0 |      0 |    0 |          0 |
|                   (RT[14].ADDSUB)                                         |                                    flt_div_mant_addsub__parameterized0 |         23 |         23 |       0 |    0 |     0 |      0 |      0 |    0 |          0 |
|                   ADDSUB                                                  |                                        carry_chain__parameterized7_323 |          2 |          2 |       0 |    0 |    25 |      0 |      0 |    0 |          0 |
|                     (ADDSUB)                                              |                                        carry_chain__parameterized7_323 |          0 |          0 |       0 |    0 |     0 |      0 |      0 |    0 |          0 |
|                     Q_DEL                                                 |                                             delay__parameterized47_324 |          2 |          2 |       0 |    0 |    25 |      0 |      0 |    0 |          0 |
|                       i_pipe                                              |                             xbip_pipe_v3_0_10_viv__parameterized79_325 |          2 |          2 |       0 |    0 |    25 |      0 |      0 |    0 |          0 |
|                 RT[14].MANT_DEL                                           |                                                                  delay |          0 |          0 |       0 |    0 |    23 |      0 |      0 |    0 |          0 |
|                   i_pipe                                                  |                              xbip_pipe_v3_0_10_viv__parameterized1_322 |          0 |          0 |       0 |    0 |    23 |      0 |      0 |    0 |          0 |
|                 RT[15].ADDSUB                                             |                                                flt_div_mant_addsub_268 |         25 |         25 |       0 |    0 |     0 |      0 |      0 |    0 |          0 |
|                   (RT[15].ADDSUB)                                         |                                                flt_div_mant_addsub_268 |         23 |         23 |       0 |    0 |     0 |      0 |      0 |    0 |          0 |
|                   ADDSUB                                                  |                                        carry_chain__parameterized6_321 |          2 |          2 |       0 |    0 |     0 |      0 |      0 |    0 |          0 |
|                 RT[16].ADDSUB                                             |                                                flt_div_mant_addsub_269 |         25 |         25 |       0 |    0 |     0 |      0 |      0 |    0 |          0 |
|                   (RT[16].ADDSUB)                                         |                                                flt_div_mant_addsub_269 |         23 |         23 |       0 |    0 |     0 |      0 |      0 |    0 |          0 |
|                   ADDSUB                                                  |                                        carry_chain__parameterized6_320 |          2 |          2 |       0 |    0 |     0 |      0 |      0 |    0 |          0 |
|                 RT[17].ADDSUB                                             |                                                flt_div_mant_addsub_270 |         25 |         25 |       0 |    0 |     0 |      0 |      0 |    0 |          0 |
|                   (RT[17].ADDSUB)                                         |                                                flt_div_mant_addsub_270 |         23 |         23 |       0 |    0 |     0 |      0 |      0 |    0 |          0 |
|                   ADDSUB                                                  |                                        carry_chain__parameterized6_319 |          2 |          2 |       0 |    0 |     0 |      0 |      0 |    0 |          0 |
|                 RT[18].ADDSUB                                             |                                                flt_div_mant_addsub_271 |         25 |         25 |       0 |    0 |     0 |      0 |      0 |    0 |          0 |
|                   (RT[18].ADDSUB)                                         |                                                flt_div_mant_addsub_271 |         23 |         23 |       0 |    0 |     0 |      0 |      0 |    0 |          0 |
|                   ADDSUB                                                  |                                        carry_chain__parameterized6_318 |          2 |          2 |       0 |    0 |     0 |      0 |      0 |    0 |          0 |
|                 RT[19].ADDSUB                                             |                                flt_div_mant_addsub__parameterized0_272 |         25 |         25 |       0 |    0 |    25 |      0 |      0 |    0 |          0 |
|                   (RT[19].ADDSUB)                                         |                                flt_div_mant_addsub__parameterized0_272 |         23 |         23 |       0 |    0 |     0 |      0 |      0 |    0 |          0 |
|                   ADDSUB                                                  |                                        carry_chain__parameterized7_315 |          2 |          2 |       0 |    0 |    25 |      0 |      0 |    0 |          0 |
|                     (ADDSUB)                                              |                                        carry_chain__parameterized7_315 |          0 |          0 |       0 |    0 |     0 |      0 |      0 |    0 |          0 |
|                     Q_DEL                                                 |                                             delay__parameterized47_316 |          2 |          2 |       0 |    0 |    25 |      0 |      0 |    0 |          0 |
|                       i_pipe                                              |                             xbip_pipe_v3_0_10_viv__parameterized79_317 |          2 |          2 |       0 |    0 |    25 |      0 |      0 |    0 |          0 |
|                 RT[19].MANT_DEL                                           |                                                              delay_273 |          0 |          0 |       0 |    0 |    23 |      0 |      0 |    0 |          0 |
|                   i_pipe                                                  |                              xbip_pipe_v3_0_10_viv__parameterized1_314 |          0 |          0 |       0 |    0 |    23 |      0 |      0 |    0 |          0 |
|                 RT[1].ADDSUB                                              |                                                flt_div_mant_addsub_274 |         25 |         25 |       0 |    0 |     0 |      0 |      0 |    0 |          0 |
|                   ADDSUB                                                  |                                        carry_chain__parameterized6_313 |         25 |         25 |       0 |    0 |     0 |      0 |      0 |    0 |          0 |
|                 RT[20].ADDSUB                                             |                                                flt_div_mant_addsub_275 |         25 |         25 |       0 |    0 |     0 |      0 |      0 |    0 |          0 |
|                   (RT[20].ADDSUB)                                         |                                                flt_div_mant_addsub_275 |         23 |         23 |       0 |    0 |     0 |      0 |      0 |    0 |          0 |
|                   ADDSUB                                                  |                                        carry_chain__parameterized6_312 |          2 |          2 |       0 |    0 |     0 |      0 |      0 |    0 |          0 |
|                 RT[21].ADDSUB                                             |                                                flt_div_mant_addsub_276 |         25 |         25 |       0 |    0 |     0 |      0 |      0 |    0 |          0 |
|                   (RT[21].ADDSUB)                                         |                                                flt_div_mant_addsub_276 |         23 |         23 |       0 |    0 |     0 |      0 |      0 |    0 |          0 |
|                   ADDSUB                                                  |                                        carry_chain__parameterized6_311 |          2 |          2 |       0 |    0 |     0 |      0 |      0 |    0 |          0 |
|                 RT[22].ADDSUB                                             |                                                flt_div_mant_addsub_277 |         25 |         25 |       0 |    0 |     0 |      0 |      0 |    0 |          0 |
|                   (RT[22].ADDSUB)                                         |                                                flt_div_mant_addsub_277 |         23 |         23 |       0 |    0 |     0 |      0 |      0 |    0 |          0 |
|                   ADDSUB                                                  |                                        carry_chain__parameterized6_310 |          2 |          2 |       0 |    0 |     0 |      0 |      0 |    0 |          0 |
|                 RT[23].ADDSUB                                             |                                                flt_div_mant_addsub_278 |         25 |         25 |       0 |    0 |     0 |      0 |      0 |    0 |          0 |
|                   (RT[23].ADDSUB)                                         |                                                flt_div_mant_addsub_278 |         23 |         23 |       0 |    0 |     0 |      0 |      0 |    0 |          0 |
|                   ADDSUB                                                  |                                        carry_chain__parameterized6_309 |          2 |          2 |       0 |    0 |     0 |      0 |      0 |    0 |          0 |
|                 RT[24].ADDSUB                                             |                                flt_div_mant_addsub__parameterized0_279 |         25 |         25 |       0 |    0 |    25 |      0 |      0 |    0 |          0 |
|                   (RT[24].ADDSUB)                                         |                                flt_div_mant_addsub__parameterized0_279 |         23 |         23 |       0 |    0 |     0 |      0 |      0 |    0 |          0 |
|                   ADDSUB                                                  |                                        carry_chain__parameterized7_306 |          2 |          2 |       0 |    0 |    25 |      0 |      0 |    0 |          0 |
|                     (ADDSUB)                                              |                                        carry_chain__parameterized7_306 |          0 |          0 |       0 |    0 |     0 |      0 |      0 |    0 |          0 |
|                     Q_DEL                                                 |                                             delay__parameterized47_307 |          2 |          2 |       0 |    0 |    25 |      0 |      0 |    0 |          0 |
|                       i_pipe                                              |                             xbip_pipe_v3_0_10_viv__parameterized79_308 |          2 |          2 |       0 |    0 |    25 |      0 |      0 |    0 |          0 |
|                 RT[24].MANT_DEL                                           |                                                              delay_280 |          0 |          0 |       0 |    0 |    23 |      0 |      0 |    0 |          0 |
|                   i_pipe                                                  |                              xbip_pipe_v3_0_10_viv__parameterized1_305 |          0 |          0 |       0 |    0 |    23 |      0 |      0 |    0 |          0 |
|                 RT[24].Q_DEL                                              |                                             delay__parameterized48_281 |         19 |          0 |       0 |   19 |     5 |      0 |      0 |    0 |          0 |
|                   i_pipe                                                  |                             xbip_pipe_v3_0_10_viv__parameterized81_304 |         19 |          0 |       0 |   19 |     5 |      0 |      0 |    0 |          0 |
|                 RT[25].ADDSUB                                             |                                                flt_div_mant_addsub_282 |         23 |         23 |       0 |    0 |     0 |      0 |      0 |    0 |          0 |
|                   (RT[25].ADDSUB)                                         |                                                flt_div_mant_addsub_282 |         23 |         23 |       0 |    0 |     0 |      0 |      0 |    0 |          0 |
|                   ADDSUB                                                  |                                        carry_chain__parameterized6_303 |          0 |          0 |       0 |    0 |     0 |      0 |      0 |    0 |          0 |
|                 RT[2].ADDSUB                                              |                                                flt_div_mant_addsub_283 |         25 |         25 |       0 |    0 |     0 |      0 |      0 |    0 |          0 |
|                   ADDSUB                                                  |                                        carry_chain__parameterized6_302 |         25 |         25 |       0 |    0 |     0 |      0 |      0 |    0 |          0 |
|                 RT[3].ADDSUB                                              |                                                flt_div_mant_addsub_284 |         25 |         25 |       0 |    0 |     0 |      0 |      0 |    0 |          0 |
|                   ADDSUB                                                  |                                        carry_chain__parameterized6_301 |         25 |         25 |       0 |    0 |     0 |      0 |      0 |    0 |          0 |
|                 RT[4].ADDSUB                                              |                                flt_div_mant_addsub__parameterized0_285 |          2 |          2 |       0 |    0 |    25 |      0 |      0 |    0 |          0 |
|                   ADDSUB                                                  |                                        carry_chain__parameterized7_298 |          2 |          2 |       0 |    0 |    25 |      0 |      0 |    0 |          0 |
|                     (ADDSUB)                                              |                                        carry_chain__parameterized7_298 |          0 |          0 |       0 |    0 |     0 |      0 |      0 |    0 |          0 |
|                     Q_DEL                                                 |                                             delay__parameterized47_299 |          2 |          2 |       0 |    0 |    25 |      0 |      0 |    0 |          0 |
|                       i_pipe                                              |                             xbip_pipe_v3_0_10_viv__parameterized79_300 |          2 |          2 |       0 |    0 |    25 |      0 |      0 |    0 |          0 |
|                 RT[4].MANT_DEL                                            |                                                              delay_286 |          0 |          0 |       0 |    0 |    23 |      0 |      0 |    0 |          0 |
|                   i_pipe                                                  |                              xbip_pipe_v3_0_10_viv__parameterized1_297 |          0 |          0 |       0 |    0 |    23 |      0 |      0 |    0 |          0 |
|                 RT[5].ADDSUB                                              |                                                flt_div_mant_addsub_287 |         25 |         25 |       0 |    0 |     0 |      0 |      0 |    0 |          0 |
|                   (RT[5].ADDSUB)                                          |                                                flt_div_mant_addsub_287 |         23 |         23 |       0 |    0 |     0 |      0 |      0 |    0 |          0 |
|                   ADDSUB                                                  |                                        carry_chain__parameterized6_296 |          2 |          2 |       0 |    0 |     0 |      0 |      0 |    0 |          0 |
|                 RT[6].ADDSUB                                              |                                                flt_div_mant_addsub_288 |         25 |         25 |       0 |    0 |     0 |      0 |      0 |    0 |          0 |
|                   (RT[6].ADDSUB)                                          |                                                flt_div_mant_addsub_288 |         23 |         23 |       0 |    0 |     0 |      0 |      0 |    0 |          0 |
|                   ADDSUB                                                  |                                        carry_chain__parameterized6_295 |          2 |          2 |       0 |    0 |     0 |      0 |      0 |    0 |          0 |
|                 RT[7].ADDSUB                                              |                                                flt_div_mant_addsub_289 |         25 |         25 |       0 |    0 |     0 |      0 |      0 |    0 |          0 |
|                   (RT[7].ADDSUB)                                          |                                                flt_div_mant_addsub_289 |         23 |         23 |       0 |    0 |     0 |      0 |      0 |    0 |          0 |
|                   ADDSUB                                                  |                                        carry_chain__parameterized6_294 |          2 |          2 |       0 |    0 |     0 |      0 |      0 |    0 |          0 |
|                 RT[8].ADDSUB                                              |                                                flt_div_mant_addsub_290 |         25 |         25 |       0 |    0 |     0 |      0 |      0 |    0 |          0 |
|                   (RT[8].ADDSUB)                                          |                                                flt_div_mant_addsub_290 |         23 |         23 |       0 |    0 |     0 |      0 |      0 |    0 |          0 |
|                   ADDSUB                                                  |                                        carry_chain__parameterized6_293 |          2 |          2 |       0 |    0 |     0 |      0 |      0 |    0 |          0 |
|                 RT[9].ADDSUB                                              |                                flt_div_mant_addsub__parameterized0_291 |         25 |         25 |       0 |    0 |    25 |      0 |      0 |    0 |          0 |
|                   (RT[9].ADDSUB)                                          |                                flt_div_mant_addsub__parameterized0_291 |         23 |         23 |       0 |    0 |     0 |      0 |      0 |    0 |          0 |
|                   ADDSUB                                                  |                                            carry_chain__parameterized7 |          2 |          2 |       0 |    0 |    25 |      0 |      0 |    0 |          0 |
|                     (ADDSUB)                                              |                                            carry_chain__parameterized7 |          0 |          0 |       0 |    0 |     0 |      0 |      0 |    0 |          0 |
|                     Q_DEL                                                 |                                                 delay__parameterized47 |          2 |          2 |       0 |    0 |    25 |      0 |      0 |    0 |          0 |
|                       i_pipe                                              |                                 xbip_pipe_v3_0_10_viv__parameterized79 |          2 |          2 |       0 |    0 |    25 |      0 |      0 |    0 |          0 |
|                 RT[9].MANT_DEL                                            |                                                              delay_292 |          0 |          0 |       0 |    0 |    23 |      0 |      0 |    0 |          0 |
|                   i_pipe                                                  |                                  xbip_pipe_v3_0_10_viv__parameterized1 |          0 |          0 |       0 |    0 |    23 |      0 |      0 |    0 |          0 |
|               OP                                                          |                                         flt_dec_op_lat__parameterized0 |          0 |          0 |       0 |    0 |    32 |      0 |      0 |    0 |          0 |
|               ROUND                                                       |                                                 renorm_and_round_logic |         30 |         30 |       0 |    0 |     0 |      0 |      0 |    0 |          0 |
|                 (ROUND)                                                   |                                                 renorm_and_round_logic |         29 |         29 |       0 |    0 |     0 |      0 |      0 |    0 |          0 |
|                 EXP_ADD.ADD                                               |                                           carry_chain__parameterized11 |          0 |          0 |       0 |    0 |     0 |      0 |      0 |    0 |          0 |
|                 LOGIC.RND1                                                |                                        carry_chain__parameterized9_260 |          0 |          0 |       0 |    0 |     0 |      0 |      0 |    0 |          0 |
|                 LOGIC.RND2                                                |                                           carry_chain__parameterized10 |          0 |          0 |       0 |    0 |     0 |      0 |      0 |    0 |          0 |
|                 RND_BIT_GEN                                               |                                                      flt_round_bit_261 |          1 |          1 |       0 |    0 |     0 |      0 |      0 |    0 |          0 |
|                   (RND_BIT_GEN)                                           |                                                      flt_round_bit_261 |          1 |          1 |       0 |    0 |     0 |      0 |      0 |    0 |          0 |
|                   NORM_1_OR_0.STRUCT_REQ.GENERAL.RND1                     |                                        carry_chain__parameterized8_262 |          0 |          0 |       0 |    0 |     0 |      0 |      0 |    0 |          0 |
|     fmul_32ns_32ns_32_3_max_dsp_1_U84                                     |                           riscv_soc_tick_fmul_32ns_32ns_32_3_max_dsp_1 |        110 |        110 |       0 |    0 |    96 |      0 |      0 |    0 |          3 |
|       (fmul_32ns_32ns_32_3_max_dsp_1_U84)                                 |                           riscv_soc_tick_fmul_32ns_32ns_32_3_max_dsp_1 |         33 |         33 |       0 |    0 |    64 |      0 |      0 |    0 |          0 |
|       riscv_soc_tick_fmul_32ns_32ns_32_3_max_dsp_1_ip_u                   |                        riscv_soc_tick_fmul_32ns_32ns_32_3_max_dsp_1_ip |         77 |         77 |       0 |    0 |    32 |      0 |      0 |    0 |          3 |
|         inst                                                              |                                 floating_point_v7_1_19__parameterized0 |         77 |         77 |       0 |    0 |    32 |      0 |      0 |    0 |          3 |
|           i_synth                                                         |                             floating_point_v7_1_19_viv__parameterized1 |         77 |         77 |       0 |    0 |    32 |      0 |      0 |    0 |          3 |
|             MULT.OP                                                       |                                                               flt_mult |         77 |         77 |       0 |    0 |    32 |      0 |      0 |    0 |          3 |
|               i_non_prim.EXP                                              |                                                           flt_mult_exp |         40 |         40 |       0 |    0 |     0 |      0 |      0 |    0 |          0 |
|                 COND_DET_A                                                |                                         special_detect__parameterized0 |          6 |          6 |       0 |    0 |     0 |      0 |      0 |    0 |          0 |
|                   MANT_CARRY.MANT_ALL_ZERO_DET                            |                                      compare_eq_im__parameterized1_258 |          6 |          6 |       0 |    0 |     0 |      0 |      0 |    0 |          0 |
|                     (MANT_CARRY.MANT_ALL_ZERO_DET)                        |                                      compare_eq_im__parameterized1_258 |          4 |          4 |       0 |    0 |     0 |      0 |      0 |    0 |          0 |
|                     CARRY_ZERO_DET                                        |                                        carry_chain__parameterized5_259 |          2 |          2 |       0 |    0 |     0 |      0 |      0 |    0 |          0 |
|                 COND_DET_B                                                |                                     special_detect__parameterized0_257 |          8 |          8 |       0 |    0 |     0 |      0 |      0 |    0 |          0 |
|                   MANT_CARRY.MANT_ALL_ZERO_DET                            |                                          compare_eq_im__parameterized1 |          8 |          8 |       0 |    0 |     0 |      0 |      0 |    0 |          0 |
|                     (MANT_CARRY.MANT_ALL_ZERO_DET)                        |                                          compare_eq_im__parameterized1 |          4 |          4 |       0 |    0 |     0 |      0 |      0 |    0 |          0 |
|                     CARRY_ZERO_DET                                        |                                            carry_chain__parameterized5 |          4 |          4 |       0 |    0 |     0 |      0 |      0 |    0 |          0 |
|                 EXP_ADD.C_CHAIN                                           |                                            carry_chain__parameterized4 |         26 |         26 |       0 |    0 |     0 |      0 |      0 |    0 |          0 |
|               i_non_prim.MULT                                             |                                                               fix_mult |         26 |         26 |       0 |    0 |     0 |      0 |      0 |    0 |          2 |
|                 DSP48E1_SPD_SGL_VARIANT.FIX_MULT                          |                                                   fix_mult_dsp48e1_sgl |         26 |         26 |       0 |    0 |     0 |      0 |      0 |    0 |          2 |
|                   DSP1                                                    |                                        dsp48e1_wrapper__parameterized1 |          0 |          0 |       0 |    0 |     0 |      0 |      0 |    0 |          1 |
|                   DSP2                                                    |                                        dsp48e1_wrapper__parameterized2 |         26 |         26 |       0 |    0 |     0 |      0 |      0 |    0 |          1 |
|               i_non_prim.OP                                               |                                                         flt_dec_op_lat |         11 |         11 |       0 |    0 |    32 |      0 |      0 |    0 |          0 |
|               i_non_prim.R_AND_R                                          |                                                         flt_mult_round |          0 |          0 |       0 |    0 |     0 |      0 |      0 |    0 |          1 |
|                 LAT_OPT.FULL.R_AND_R                                      |                                                 flt_round_dsp_opt_full |          0 |          0 |       0 |    0 |     0 |      0 |      0 |    0 |          1 |
|                   DSP48E1_SGL_EXP_IP.OLD_ADD.ADD                          |                                        dsp48e1_wrapper__parameterized3 |          0 |          0 |       0 |    0 |     0 |      0 |      0 |    0 |          1 |
|     fsqrt_32ns_32ns_32_8_no_dsp_1_U92                                     |                           riscv_soc_tick_fsqrt_32ns_32ns_32_8_no_dsp_1 |        416 |        405 |       0 |   11 |   205 |      0 |      0 |    0 |          0 |
|       riscv_soc_tick_fsqrt_32ns_32ns_32_8_no_dsp_1_ip_u                   |                        riscv_soc_tick_fsqrt_32ns_32ns_32_8_no_dsp_1_ip |        416 |        405 |       0 |   11 |   205 |      0 |      0 |    0 |          0 |
|         inst                                                              |                                 floating_point_v7_1_19__parameterized5 |        416 |        405 |       0 |   11 |   205 |      0 |      0 |    0 |          0 |
|           i_synth                                                         |                            floating_point_v7_1_19_viv__parameterized11 |        416 |        405 |       0 |   11 |   205 |      0 |      0 |    0 |          0 |
|             SQRT_OP.SPD.OP                                                |                                                               flt_sqrt |        416 |        405 |       0 |   11 |   205 |      0 |      0 |    0 |          0 |
|               i_mant_calc.EXP                                             |                                                           flt_sqrt_exp |         30 |         19 |       0 |   11 |    21 |      0 |      0 |    0 |          0 |
|                 (i_mant_calc.EXP)                                         |                                                           flt_sqrt_exp |          1 |          1 |       0 |    0 |     0 |      0 |      0 |    0 |          0 |
|                 EXP_SIG_DEL                                               |                                                delay__parameterized103 |         14 |          6 |       0 |    8 |    16 |      0 |      0 |    0 |          0 |
|                   i_pipe                                                  |                                xbip_pipe_v3_0_10_viv__parameterized171 |         14 |          6 |       0 |    8 |    16 |      0 |      0 |    0 |          0 |
|                 SIGN_DET_DELAY                                            |                                            delay__parameterized105_255 |          2 |          1 |       0 |    1 |     1 |      0 |      0 |    0 |          0 |
|                   i_pipe                                                  |                                xbip_pipe_v3_0_10_viv__parameterized175 |          2 |          1 |       0 |    1 |     1 |      0 |      0 |    0 |          0 |
|                 STATE_DELAY                                               |                                                delay__parameterized104 |         13 |         11 |       0 |    2 |     4 |      0 |      0 |    0 |          0 |
|                   i_pipe                                                  |                                xbip_pipe_v3_0_10_viv__parameterized173 |         13 |         11 |       0 |    2 |     4 |      0 |      0 |    0 |          0 |
|               i_mant_calc.MANT_SQRT                                       |                                                          flt_sqrt_mant |        382 |        382 |       0 |    0 |   152 |      0 |      0 |    0 |          0 |
|                 RT[0].ADDSUB                                              |                                                   flt_sqrt_mant_addsub |          6 |          6 |       0 |    0 |     0 |      0 |      0 |    0 |          0 |
|                   ADDSUB                                                  |                                           carry_chain__parameterized20 |          6 |          6 |       0 |    0 |     0 |      0 |      0 |    0 |          0 |
|                 RT[10].ADDSUB                                             |                                   flt_sqrt_mant_addsub__parameterized9 |         14 |         14 |       0 |    0 |     0 |      0 |      0 |    0 |          0 |
|                   (RT[10].ADDSUB)                                         |                                   flt_sqrt_mant_addsub__parameterized9 |         13 |         13 |       0 |    0 |     0 |      0 |      0 |    0 |          0 |
|                   ADDSUB                                                  |                                           carry_chain__parameterized30 |          1 |          1 |       0 |    0 |     0 |      0 |      0 |    0 |          0 |
|                 RT[11].ADDSUB                                             |                                  flt_sqrt_mant_addsub__parameterized10 |         15 |         15 |       0 |    0 |     0 |      0 |      0 |    0 |          0 |
|                   (RT[11].ADDSUB)                                         |                                  flt_sqrt_mant_addsub__parameterized10 |         14 |         14 |       0 |    0 |     0 |      0 |      0 |    0 |          0 |
|                   ADDSUB                                                  |                                           carry_chain__parameterized31 |          1 |          1 |       0 |    0 |     0 |      0 |      0 |    0 |          0 |
|                 RT[12].ADDSUB                                             |                                  flt_sqrt_mant_addsub__parameterized11 |         15 |         15 |       0 |    0 |     0 |      0 |      0 |    0 |          0 |
|                   (RT[12].ADDSUB)                                         |                                  flt_sqrt_mant_addsub__parameterized11 |         14 |         14 |       0 |    0 |     0 |      0 |      0 |    0 |          0 |
|                   ADDSUB                                                  |                                           carry_chain__parameterized32 |          1 |          1 |       0 |    0 |     0 |      0 |      0 |    0 |          0 |
|                 RT[13].ADDSUB                                             |                                  flt_sqrt_mant_addsub__parameterized12 |         15 |         15 |       0 |    0 |     0 |      0 |      0 |    0 |          0 |
|                   (RT[13].ADDSUB)                                         |                                  flt_sqrt_mant_addsub__parameterized12 |         14 |         14 |       0 |    0 |     0 |      0 |      0 |    0 |          0 |
|                   ADDSUB                                                  |                                           carry_chain__parameterized33 |          1 |          1 |       0 |    0 |     0 |      0 |      0 |    0 |          0 |
|                 RT[14].ADDSUB                                             |                                  flt_sqrt_mant_addsub__parameterized13 |         16 |         16 |       0 |    0 |    18 |      0 |      0 |    0 |          0 |
|                   (RT[14].ADDSUB)                                         |                                  flt_sqrt_mant_addsub__parameterized13 |         15 |         15 |       0 |    0 |     0 |      0 |      0 |    0 |          0 |
|                   ADDSUB                                                  |                                           carry_chain__parameterized34 |          1 |          1 |       0 |    0 |    18 |      0 |      0 |    0 |          0 |
|                     (ADDSUB)                                              |                                           carry_chain__parameterized34 |          0 |          0 |       0 |    0 |     0 |      0 |      0 |    0 |          0 |
|                     Q_DEL                                                 |                                                 delay__parameterized88 |          1 |          1 |       0 |    0 |    18 |      0 |      0 |    0 |          0 |
|                       i_pipe                                              |                                xbip_pipe_v3_0_10_viv__parameterized143 |          1 |          1 |       0 |    0 |    18 |      0 |      0 |    0 |          0 |
|                 RT[14].Q_DEL                                              |                                                 delay__parameterized89 |          0 |          0 |       0 |    0 |    14 |      0 |      0 |    0 |          0 |
|                   i_pipe                                                  |                                xbip_pipe_v3_0_10_viv__parameterized145 |          0 |          0 |       0 |    0 |    14 |      0 |      0 |    0 |          0 |
|                 RT[15].ADDSUB                                             |                                  flt_sqrt_mant_addsub__parameterized14 |         17 |         17 |       0 |    0 |     0 |      0 |      0 |    0 |          0 |
|                   (RT[15].ADDSUB)                                         |                                  flt_sqrt_mant_addsub__parameterized14 |         16 |         16 |       0 |    0 |     0 |      0 |      0 |    0 |          0 |
|                   ADDSUB                                                  |                                           carry_chain__parameterized35 |          1 |          1 |       0 |    0 |     0 |      0 |      0 |    0 |          0 |
|                 RT[16].ADDSUB                                             |                                  flt_sqrt_mant_addsub__parameterized15 |         18 |         18 |       0 |    0 |     0 |      0 |      0 |    0 |          0 |
|                   (RT[16].ADDSUB)                                         |                                  flt_sqrt_mant_addsub__parameterized15 |         17 |         17 |       0 |    0 |     0 |      0 |      0 |    0 |          0 |
|                   ADDSUB                                                  |                                           carry_chain__parameterized36 |          1 |          1 |       0 |    0 |     0 |      0 |      0 |    0 |          0 |
|                 RT[17].ADDSUB                                             |                                  flt_sqrt_mant_addsub__parameterized16 |         19 |         19 |       0 |    0 |     0 |      0 |      0 |    0 |          0 |
|                   (RT[17].ADDSUB)                                         |                                  flt_sqrt_mant_addsub__parameterized16 |         18 |         18 |       0 |    0 |     0 |      0 |      0 |    0 |          0 |
|                   ADDSUB                                                  |                                           carry_chain__parameterized37 |          1 |          1 |       0 |    0 |     0 |      0 |      0 |    0 |          0 |
|                 RT[18].ADDSUB                                             |                                  flt_sqrt_mant_addsub__parameterized17 |         20 |         20 |       0 |    0 |     0 |      0 |      0 |    0 |          0 |
|                   (RT[18].ADDSUB)                                         |                                  flt_sqrt_mant_addsub__parameterized17 |         19 |         19 |       0 |    0 |     0 |      0 |      0 |    0 |          0 |
|                   ADDSUB                                                  |                                           carry_chain__parameterized38 |          1 |          1 |       0 |    0 |     0 |      0 |      0 |    0 |          0 |
|                 RT[19].ADDSUB                                             |                                  flt_sqrt_mant_addsub__parameterized18 |         21 |         21 |       0 |    0 |    23 |      0 |      0 |    0 |          0 |
|                   (RT[19].ADDSUB)                                         |                                  flt_sqrt_mant_addsub__parameterized18 |         20 |         20 |       0 |    0 |     0 |      0 |      0 |    0 |          0 |
|                   ADDSUB                                                  |                                           carry_chain__parameterized39 |          1 |          1 |       0 |    0 |    23 |      0 |      0 |    0 |          0 |
|                     (ADDSUB)                                              |                                           carry_chain__parameterized39 |          0 |          0 |       0 |    0 |     0 |      0 |      0 |    0 |          0 |
|                     Q_DEL                                                 |                                                 delay__parameterized96 |          1 |          1 |       0 |    0 |    23 |      0 |      0 |    0 |          0 |
|                       i_pipe                                              |                                xbip_pipe_v3_0_10_viv__parameterized157 |          1 |          1 |       0 |    0 |    23 |      0 |      0 |    0 |          0 |
|                 RT[19].Q_DEL                                              |                                                 delay__parameterized97 |          0 |          0 |       0 |    0 |    19 |      0 |      0 |    0 |          0 |
|                   i_pipe                                                  |                                xbip_pipe_v3_0_10_viv__parameterized159 |          0 |          0 |       0 |    0 |    19 |      0 |      0 |    0 |          0 |
|                 RT[1].ADDSUB                                              |                                   flt_sqrt_mant_addsub__parameterized0 |          7 |          7 |       0 |    0 |     0 |      0 |      0 |    0 |          0 |
|                   ADDSUB                                                  |                                           carry_chain__parameterized21 |          7 |          7 |       0 |    0 |     0 |      0 |      0 |    0 |          0 |
|                 RT[20].ADDSUB                                             |                                  flt_sqrt_mant_addsub__parameterized19 |         22 |         22 |       0 |    0 |     0 |      0 |      0 |    0 |          0 |
|                   (RT[20].ADDSUB)                                         |                                  flt_sqrt_mant_addsub__parameterized19 |         21 |         21 |       0 |    0 |     0 |      0 |      0 |    0 |          0 |
|                   ADDSUB                                                  |                                            carry_chain__parameterized6 |          1 |          1 |       0 |    0 |     0 |      0 |      0 |    0 |          0 |
|                 RT[21].ADDSUB                                             |                                  flt_sqrt_mant_addsub__parameterized20 |         23 |         23 |       0 |    0 |     0 |      0 |      0 |    0 |          0 |
|                   (RT[21].ADDSUB)                                         |                                  flt_sqrt_mant_addsub__parameterized20 |         22 |         22 |       0 |    0 |     0 |      0 |      0 |    0 |          0 |
|                   ADDSUB                                                  |                                           carry_chain__parameterized40 |          1 |          1 |       0 |    0 |     0 |      0 |      0 |    0 |          0 |
|                 RT[22].ADDSUB                                             |                                  flt_sqrt_mant_addsub__parameterized21 |         24 |         24 |       0 |    0 |     0 |      0 |      0 |    0 |          0 |
|                   (RT[22].ADDSUB)                                         |                                  flt_sqrt_mant_addsub__parameterized21 |         23 |         23 |       0 |    0 |     0 |      0 |      0 |    0 |          0 |
|                   ADDSUB                                                  |                                           carry_chain__parameterized41 |          1 |          1 |       0 |    0 |     0 |      0 |      0 |    0 |          0 |
|                 RT[23].ADDSUB                                             |                                  flt_sqrt_mant_addsub__parameterized22 |         25 |         25 |       0 |    0 |     0 |      0 |      0 |    0 |          0 |
|                   (RT[23].ADDSUB)                                         |                                  flt_sqrt_mant_addsub__parameterized22 |         24 |         24 |       0 |    0 |     0 |      0 |      0 |    0 |          0 |
|                   ADDSUB                                                  |                                           carry_chain__parameterized42 |          1 |          1 |       0 |    0 |     0 |      0 |      0 |    0 |          0 |
|                 RT[24].ADDSUB                                             |                                  flt_sqrt_mant_addsub__parameterized23 |         26 |         26 |       0 |    0 |     1 |      0 |      0 |    0 |          0 |
|                   (RT[24].ADDSUB)                                         |                                  flt_sqrt_mant_addsub__parameterized23 |         25 |         25 |       0 |    0 |     0 |      0 |      0 |    0 |          0 |
|                   ADDSUB                                                  |                                           carry_chain__parameterized43 |          1 |          1 |       0 |    0 |     1 |      0 |      0 |    0 |          0 |
|                     (ADDSUB)                                              |                                           carry_chain__parameterized43 |          0 |          0 |       0 |    0 |     0 |      0 |      0 |    0 |          0 |
|                     Q_DEL                                                 |                                                delay__parameterized102 |          1 |          1 |       0 |    0 |     1 |      0 |      0 |    0 |          0 |
|                       i_pipe                                              |                                xbip_pipe_v3_0_10_viv__parameterized169 |          1 |          1 |       0 |    0 |     1 |      0 |      0 |    0 |          0 |
|                 RT[24].Q_DEL                                              |                                                 delay__parameterized48 |          1 |          1 |       0 |    0 |    23 |      0 |      0 |    0 |          0 |
|                   i_pipe                                                  |                                 xbip_pipe_v3_0_10_viv__parameterized81 |          1 |          1 |       0 |    0 |    23 |      0 |      0 |    0 |          0 |
|                 RT[2].ADDSUB                                              |                                   flt_sqrt_mant_addsub__parameterized1 |          8 |          8 |       0 |    0 |     0 |      0 |      0 |    0 |          0 |
|                   ADDSUB                                                  |                                           carry_chain__parameterized22 |          8 |          8 |       0 |    0 |     0 |      0 |      0 |    0 |          0 |
|                 RT[3].ADDSUB                                              |                                   flt_sqrt_mant_addsub__parameterized2 |          9 |          9 |       0 |    0 |     0 |      0 |      0 |    0 |          0 |
|                   ADDSUB                                                  |                                           carry_chain__parameterized23 |          9 |          9 |       0 |    0 |     0 |      0 |      0 |    0 |          0 |
|                 RT[4].ADDSUB                                              |                                   flt_sqrt_mant_addsub__parameterized3 |          3 |          3 |       0 |    0 |     8 |      0 |      0 |    0 |          0 |
|                   ADDSUB                                                  |                                           carry_chain__parameterized24 |          3 |          3 |       0 |    0 |     8 |      0 |      0 |    0 |          0 |
|                     (ADDSUB)                                              |                                           carry_chain__parameterized24 |          2 |          2 |       0 |    0 |     0 |      0 |      0 |    0 |          0 |
|                     Q_DEL                                                 |                                                 delay__parameterized74 |          1 |          1 |       0 |    0 |     8 |      0 |      0 |    0 |          0 |
|                       i_pipe                                              |                                xbip_pipe_v3_0_10_viv__parameterized119 |          1 |          1 |       0 |    0 |     8 |      0 |      0 |    0 |          0 |
|                 RT[4].MA_DEL.MANT_DEL                                     |                                                 delay__parameterized73 |          8 |          8 |       0 |    0 |    15 |      0 |      0 |    0 |          0 |
|                   i_pipe                                                  |                                xbip_pipe_v3_0_10_viv__parameterized117 |          8 |          8 |       0 |    0 |    15 |      0 |      0 |    0 |          0 |
|                 RT[4].Q_DEL                                               |                                                 delay__parameterized75 |          0 |          0 |       0 |    0 |     4 |      0 |      0 |    0 |          0 |
|                   i_pipe                                                  |                                xbip_pipe_v3_0_10_viv__parameterized121 |          0 |          0 |       0 |    0 |     4 |      0 |      0 |    0 |          0 |
|                 RT[5].ADDSUB                                              |                                   flt_sqrt_mant_addsub__parameterized4 |          9 |          9 |       0 |    0 |     0 |      0 |      0 |    0 |          0 |
|                   (RT[5].ADDSUB)                                          |                                   flt_sqrt_mant_addsub__parameterized4 |          8 |          8 |       0 |    0 |     0 |      0 |      0 |    0 |          0 |
|                   ADDSUB                                                  |                                           carry_chain__parameterized25 |          1 |          1 |       0 |    0 |     0 |      0 |      0 |    0 |          0 |
|                 RT[6].ADDSUB                                              |                                   flt_sqrt_mant_addsub__parameterized5 |         10 |         10 |       0 |    0 |     0 |      0 |      0 |    0 |          0 |
|                   (RT[6].ADDSUB)                                          |                                   flt_sqrt_mant_addsub__parameterized5 |          9 |          9 |       0 |    0 |     0 |      0 |      0 |    0 |          0 |
|                   ADDSUB                                                  |                                           carry_chain__parameterized26 |          1 |          1 |       0 |    0 |     0 |      0 |      0 |    0 |          0 |
|                 RT[7].ADDSUB                                              |                                   flt_sqrt_mant_addsub__parameterized6 |         11 |         11 |       0 |    0 |     0 |      0 |      0 |    0 |          0 |
|                   (RT[7].ADDSUB)                                          |                                   flt_sqrt_mant_addsub__parameterized6 |         10 |         10 |       0 |    0 |     0 |      0 |      0 |    0 |          0 |
|                   ADDSUB                                                  |                                           carry_chain__parameterized27 |          1 |          1 |       0 |    0 |     0 |      0 |      0 |    0 |          0 |
|                 RT[8].ADDSUB                                              |                                   flt_sqrt_mant_addsub__parameterized7 |         12 |         12 |       0 |    0 |     0 |      0 |      0 |    0 |          0 |
|                   (RT[8].ADDSUB)                                          |                                   flt_sqrt_mant_addsub__parameterized7 |         11 |         11 |       0 |    0 |     0 |      0 |      0 |    0 |          0 |
|                   ADDSUB                                                  |                                           carry_chain__parameterized28 |          1 |          1 |       0 |    0 |     0 |      0 |      0 |    0 |          0 |
|                 RT[9].ADDSUB                                              |                                   flt_sqrt_mant_addsub__parameterized8 |         13 |         13 |       0 |    0 |    13 |      0 |      0 |    0 |          0 |
|                   (RT[9].ADDSUB)                                          |                                   flt_sqrt_mant_addsub__parameterized8 |         12 |         12 |       0 |    0 |     0 |      0 |      0 |    0 |          0 |
|                   ADDSUB                                                  |                                           carry_chain__parameterized29 |          1 |          1 |       0 |    0 |    13 |      0 |      0 |    0 |          0 |
|                     (ADDSUB)                                              |                                           carry_chain__parameterized29 |          0 |          0 |       0 |    0 |     0 |      0 |      0 |    0 |          0 |
|                     Q_DEL                                                 |                                                 delay__parameterized79 |          1 |          1 |       0 |    0 |    13 |      0 |      0 |    0 |          0 |
|                       i_pipe                                              |                                xbip_pipe_v3_0_10_viv__parameterized127 |          1 |          1 |       0 |    0 |    13 |      0 |      0 |    0 |          0 |
|                 RT[9].MA_DEL.MANT_DEL                                     |                                                 delay__parameterized22 |          0 |          0 |       0 |    0 |     5 |      0 |      0 |    0 |          0 |
|                   i_pipe                                                  |                                 xbip_pipe_v3_0_10_viv__parameterized37 |          0 |          0 |       0 |    0 |     5 |      0 |      0 |    0 |          0 |
|                 RT[9].Q_DEL                                               |                                                 delay__parameterized80 |          0 |          0 |       0 |    0 |     9 |      0 |      0 |    0 |          0 |
|                   i_pipe                                                  |                                xbip_pipe_v3_0_10_viv__parameterized129 |          0 |          0 |       0 |    0 |     9 |      0 |      0 |    0 |          0 |
|               i_mant_calc.OP                                              |                                         flt_dec_op__parameterized0_254 |          4 |          4 |       0 |    0 |    32 |      0 |      0 |    0 |          0 |
|               i_mant_calc.ROUND                                           |                                 renorm_and_round_logic__parameterized2 |          0 |          0 |       0 |    0 |     0 |      0 |      0 |    0 |          0 |
|                 LOGIC.RND1                                                |                                            carry_chain__parameterized9 |          0 |          0 |       0 |    0 |     0 |      0 |      0 |    0 |          0 |
|                 LOGIC.RND2                                                |                                           carry_chain__parameterized45 |          0 |          0 |       0 |    0 |     0 |      0 |      0 |    0 |          0 |
|                 RND_BIT_GEN                                               |                                          flt_round_bit__parameterized0 |          0 |          0 |       0 |    0 |     0 |      0 |      0 |    0 |          0 |
|                   NORM_1_OR_0.STRUCT_REQ.SPECIAL.RND_CHAIN                |                                           carry_chain__parameterized44 |          0 |          0 |       0 |    0 |     0 |      0 |      0 |    0 |          0 |
|     index_table_U                                                         |                     riscv_soc_tick_fpu_compute_index_table_ROM_AUTO_1R |          4 |          4 |       0 |    0 |     5 |      0 |      0 |    0 |          0 |
|     mask_table_U                                                          |                      riscv_soc_tick_fpu_compute_mask_table_ROM_AUTO_1R |         64 |         64 |       0 |    0 |    23 |      0 |      0 |    0 |          0 |
|     one_half_minus_one_table_U                                            |        riscv_soc_tick_fpu_compute_one_half_minus_one_table_ROM_AUTO_1R |          2 |          2 |       0 |    0 |     1 |      0 |      0 |    0 |          0 |
|     sitofp_32ns_32_4_no_dsp_1_U87                                         |                               riscv_soc_tick_sitofp_32ns_32_4_no_dsp_1 |        168 |        168 |       0 |    0 |    85 |      0 |      0 |    0 |          0 |
|       (sitofp_32ns_32_4_no_dsp_1_U87)                                     |                               riscv_soc_tick_sitofp_32ns_32_4_no_dsp_1 |          0 |          0 |       0 |    0 |     6 |      0 |      0 |    0 |          0 |
|       riscv_soc_tick_sitofp_32ns_32_4_no_dsp_1_ip_u                       |                            riscv_soc_tick_sitofp_32ns_32_4_no_dsp_1_ip |        168 |        168 |       0 |    0 |    79 |      0 |      0 |    0 |          0 |
|         (riscv_soc_tick_sitofp_32ns_32_4_no_dsp_1_ip_u)                   |                            riscv_soc_tick_sitofp_32ns_32_4_no_dsp_1_ip |         25 |         25 |       0 |    0 |     0 |      0 |      0 |    0 |          0 |
|         inst                                                              |                                 floating_point_v7_1_19__parameterized3 |        143 |        143 |       0 |    0 |    79 |      0 |      0 |    0 |          0 |
|           i_synth                                                         |                             floating_point_v7_1_19_viv__parameterized7 |        143 |        143 |       0 |    0 |    79 |      0 |      0 |    0 |          0 |
|             FIX_TO_FLT_OP.SPD.OP                                          |                                        fix_to_flt_conv__parameterized0 |        143 |        143 |       0 |    0 |    79 |      0 |      0 |    0 |          0 |
|               (FIX_TO_FLT_OP.SPD.OP)                                      |                                        fix_to_flt_conv__parameterized0 |         31 |         31 |       0 |    0 |     0 |      0 |      0 |    0 |          0 |
|               EXP                                                         |                                    fix_to_flt_conv_exp__parameterized0 |          0 |          0 |       0 |    0 |     1 |      0 |      0 |    0 |          0 |
|                 a_is_signed.IP_SIGN_DELAY                                 |                                             delay__parameterized63_252 |          0 |          0 |       0 |    0 |     1 |      0 |      0 |    0 |          0 |
|                   i_pipe                                                  |                             xbip_pipe_v3_0_10_viv__parameterized23_253 |          0 |          0 |       0 |    0 |     1 |      0 |      0 |    0 |          0 |
|               FIXED_DATA_SIGNED.M_ABS                                     |                                           carry_chain__parameterized15 |         44 |         44 |       0 |    0 |     0 |      0 |      0 |    0 |          0 |
|               LZE                                                         |                                       lead_zero_encode__parameterized0 |         18 |         18 |       0 |    0 |    10 |      0 |      0 |    0 |          0 |
|                 A_Z_DET                                                   |                                             delay__parameterized12_241 |          0 |          0 |       0 |    0 |     1 |      0 |      0 |    0 |          0 |
|                   i_pipe                                                  |                             xbip_pipe_v3_0_10_viv__parameterized23_251 |          0 |          0 |       0 |    0 |     1 |      0 |      0 |    0 |          0 |
|                 ENCODE[0].DIST_DEL                                        |                                             delay__parameterized59_242 |          0 |          0 |       0 |    0 |     2 |      0 |      0 |    0 |          0 |
|                   i_pipe                                                  |                             xbip_pipe_v3_0_10_viv__parameterized97_250 |          0 |          0 |       0 |    0 |     2 |      0 |      0 |    0 |          0 |
|                 ENCODE[0].MUX_0                                           |                                                   mux4__parameterized1 |          3 |          3 |       0 |    0 |     4 |      0 |      0 |    0 |          0 |
|                   OP_DEL                                                  |                                             delay__parameterized65_248 |          3 |          3 |       0 |    0 |     4 |      0 |      0 |    0 |          0 |
|                     i_pipe                                                |                            xbip_pipe_v3_0_10_viv__parameterized101_249 |          3 |          3 |       0 |    0 |     4 |      0 |      0 |    0 |          0 |
|                 ENCODE[0].MUX_Z                                           |                                               mux4__parameterized1_243 |          9 |          9 |       0 |    0 |     3 |      0 |      0 |    0 |          0 |
|                   OP_DEL                                                  |                                             delay__parameterized65_246 |          9 |          9 |       0 |    0 |     3 |      0 |      0 |    0 |          0 |
|                     i_pipe                                                |                            xbip_pipe_v3_0_10_viv__parameterized101_247 |          9 |          9 |       0 |    0 |     3 |      0 |      0 |    0 |          0 |
|                 ZERO_DET_CC_1                                             |                                       carry_chain__parameterized12_244 |          4 |          4 |       0 |    0 |     0 |      0 |      0 |    0 |          0 |
|                 ZERO_DET_CC_2.CC                                          |                                       carry_chain__parameterized12_245 |          3 |          3 |       0 |    0 |     0 |      0 |      0 |    0 |          0 |
|               NEED_Z_DET.Z_DET                                            |                                          norm_zero_det__parameterized0 |          2 |          2 |       0 |    0 |     5 |      0 |      0 |    0 |          0 |
|                 (NEED_Z_DET.Z_DET)                                        |                                          norm_zero_det__parameterized0 |          0 |          0 |       0 |    0 |     0 |      0 |      0 |    0 |          0 |
|                 ENCODE[0].DIST_OVER_DEL                                   |                                                 delay__parameterized12 |          0 |          0 |       0 |    0 |     1 |      0 |      0 |    0 |          0 |
|                   i_pipe                                                  |                             xbip_pipe_v3_0_10_viv__parameterized23_240 |          0 |          0 |       0 |    0 |     1 |      0 |      0 |    0 |          0 |
|                 ENCODE[0].Z_DET_DEL                                       |                                                 delay__parameterized65 |          2 |          2 |       0 |    0 |     4 |      0 |      0 |    0 |          0 |
|                   i_pipe                                                  |                                xbip_pipe_v3_0_10_viv__parameterized101 |          2 |          2 |       0 |    0 |     4 |      0 |      0 |    0 |          0 |
|               NORM_SHIFT                                                  |                                        shift_msb_first__parameterized0 |         49 |         49 |       0 |    0 |    31 |      0 |      0 |    0 |          0 |
|                 MUX_LOOP[0].DEL_SHIFT                                     |                                             delay__parameterized60_238 |         49 |         49 |       0 |    0 |    31 |      0 |      0 |    0 |          0 |
|                   i_pipe                                                  |                             xbip_pipe_v3_0_10_viv__parameterized99_239 |         49 |         49 |       0 |    0 |    31 |      0 |      0 |    0 |          0 |
|               OP                                                          |                                         flt_dec_op__parameterized0_233 |          0 |          0 |       0 |    0 |    32 |      0 |      0 |    0 |          0 |
|               ROUND                                                       |                                 renorm_and_round_logic__parameterized1 |          0 |          0 |       0 |    0 |     0 |      0 |      0 |    0 |          0 |
|                 LOGIC.RND1                                                |                                       carry_chain__parameterized13_234 |          0 |          0 |       0 |    0 |     0 |      0 |      0 |    0 |          0 |
|                 LOGIC.RND2                                                |                                       carry_chain__parameterized14_235 |          0 |          0 |       0 |    0 |     0 |      0 |      0 |    0 |          0 |
|                 RND_BIT_GEN                                               |                                                      flt_round_bit_236 |          0 |          0 |       0 |    0 |     0 |      0 |      0 |    0 |          0 |
|                   NORM_1_OR_0.STRUCT_REQ.GENERAL.RND1                     |                                        carry_chain__parameterized8_237 |          0 |          0 |       0 |    0 |     0 |      0 |      0 |    0 |          0 |
|     uitofp_32ns_32_4_no_dsp_1_U86                                         |                               riscv_soc_tick_uitofp_32ns_32_4_no_dsp_1 |        161 |        161 |       0 |    0 |    62 |      0 |      0 |    0 |          0 |
|       riscv_soc_tick_uitofp_32ns_32_4_no_dsp_1_ip_u                       |                            riscv_soc_tick_uitofp_32ns_32_4_no_dsp_1_ip |        161 |        161 |       0 |    0 |    62 |      0 |      0 |    0 |          0 |
|         (riscv_soc_tick_uitofp_32ns_32_4_no_dsp_1_ip_u)                   |                            riscv_soc_tick_uitofp_32ns_32_4_no_dsp_1_ip |         43 |         43 |       0 |    0 |     0 |      0 |      0 |    0 |          0 |
|         inst                                                              |                                 floating_point_v7_1_19__parameterized2 |        118 |        118 |       0 |    0 |    62 |      0 |      0 |    0 |          0 |
|           i_synth                                                         |                             floating_point_v7_1_19_viv__parameterized5 |        118 |        118 |       0 |    0 |    62 |      0 |      0 |    0 |          0 |
|             FIX_TO_FLT_OP.SPD.OP                                          |                                                        fix_to_flt_conv |        118 |        118 |       0 |    0 |    62 |      0 |      0 |    0 |          0 |
|               EXP                                                         |                                                    fix_to_flt_conv_exp |          1 |          1 |       0 |    0 |     1 |      0 |      0 |    0 |          0 |
|                 ZERO_DELAY                                                |                                                 delay__parameterized63 |          1 |          1 |       0 |    0 |     1 |      0 |      0 |    0 |          0 |
|                   i_pipe                                                  |                                 xbip_pipe_v3_0_10_viv__parameterized23 |          1 |          1 |       0 |    0 |     1 |      0 |      0 |    0 |          0 |
|               LZE                                                         |                                                       lead_zero_encode |         89 |         89 |       0 |    0 |     5 |      0 |      0 |    0 |          0 |
|                 ENCODE[0].DIST_DEL                                        |                                                 delay__parameterized59 |          2 |          2 |       0 |    0 |     2 |      0 |      0 |    0 |          0 |
|                   i_pipe                                                  |                             xbip_pipe_v3_0_10_viv__parameterized97_231 |          2 |          2 |       0 |    0 |     2 |      0 |      0 |    0 |          0 |
|                 ENCODE[1].DIST_DEL                                        |                                             delay__parameterized59_224 |          4 |          4 |       0 |    0 |     2 |      0 |      0 |    0 |          0 |
|                   i_pipe                                                  |                                 xbip_pipe_v3_0_10_viv__parameterized97 |          4 |          4 |       0 |    0 |     2 |      0 |      0 |    0 |          0 |
|                 ENCODE[1].MUX_0                                           |                                                   mux4__parameterized0 |          1 |          1 |       0 |    0 |     1 |      0 |      0 |    0 |          0 |
|                   OP_DEL                                                  |                                             delay__parameterized27_229 |          1 |          1 |       0 |    0 |     1 |      0 |      0 |    0 |          0 |
|                     i_pipe                                                |                             xbip_pipe_v3_0_10_viv__parameterized35_230 |          1 |          1 |       0 |    0 |     1 |      0 |      0 |    0 |          0 |
|                 ZERO_DET_CC_1                                             |                                           carry_chain__parameterized12 |         70 |         70 |       0 |    0 |     0 |      0 |      0 |    0 |          0 |
|                 ZERO_DET_CC_2.CC                                          |                                       carry_chain__parameterized12_226 |         12 |         12 |       0 |    0 |     0 |      0 |      0 |    0 |          0 |
|               NEED_Z_DET.Z_DET                                            |                                                          norm_zero_det |          3 |          3 |       0 |    0 |     1 |      0 |      0 |    0 |          0 |
|                 (NEED_Z_DET.Z_DET)                                        |                                                          norm_zero_det |          3 |          3 |       0 |    0 |     0 |      0 |      0 |    0 |          0 |
|                 ENCODE[1].Z_DET_DEL                                       |                                                 delay__parameterized27 |          0 |          0 |       0 |    0 |     1 |      0 |      0 |    0 |          0 |
|                   i_pipe                                                  |                                 xbip_pipe_v3_0_10_viv__parameterized35 |          0 |          0 |       0 |    0 |     1 |      0 |      0 |    0 |          0 |
|               NORM_SHIFT                                                  |                                                        shift_msb_first |         25 |         25 |       0 |    0 |    25 |      0 |      0 |    0 |          0 |
|                 MUX_LOOP[1].DEL_SHIFT                                     |                                                 delay__parameterized60 |         25 |         25 |       0 |    0 |    25 |      0 |      0 |    0 |          0 |
|                   i_pipe                                                  |                                 xbip_pipe_v3_0_10_viv__parameterized99 |         25 |         25 |       0 |    0 |    25 |      0 |      0 |    0 |          0 |
|               OP                                                          |                                             flt_dec_op__parameterized0 |          0 |          0 |       0 |    0 |    30 |      0 |      0 |    0 |          0 |
|               ROUND                                                       |                                 renorm_and_round_logic__parameterized0 |          0 |          0 |       0 |    0 |     0 |      0 |      0 |    0 |          0 |
|                 LOGIC.RND1                                                |                                           carry_chain__parameterized13 |          0 |          0 |       0 |    0 |     0 |      0 |      0 |    0 |          0 |
|                 LOGIC.RND2                                                |                                           carry_chain__parameterized14 |          0 |          0 |       0 |    0 |     0 |      0 |      0 |    0 |          0 |
|                 RND_BIT_GEN                                               |                                                          flt_round_bit |          0 |          0 |       0 |    0 |     0 |      0 |      0 |    0 |          0 |
|                   NORM_1_OR_0.STRUCT_REQ.GENERAL.RND1                     |                                            carry_chain__parameterized8 |          0 |          0 |       0 |    0 |     0 |      0 |      0 |    0 |          0 |
|   grp_pipeline_flush_fu_7548                                              |                                          riscv_soc_tick_pipeline_flush |         83 |         83 |       0 |    0 |    16 |      0 |      0 |    0 |          0 |
|   grp_read_operand_fp_fu_7207                                             |                                         riscv_soc_tick_read_operand_fp |        172 |        172 |       0 |    0 |    43 |      0 |      0 |    0 |          0 |
|   grp_read_operand_fu_7192                                                |                                            riscv_soc_tick_read_operand |        508 |        508 |       0 |    0 |    44 |      0 |      0 |    0 |          0 |
|   grp_riscv_soc_tick_Pipeline_VITIS_LOOP_166_4_fu_7663                    |                riscv_soc_tick_riscv_soc_tick_Pipeline_VITIS_LOOP_166_4 |         30 |         30 |       0 |    0 |    10 |      0 |      0 |    0 |          0 |
|     (grp_riscv_soc_tick_Pipeline_VITIS_LOOP_166_4_fu_7663)                |                riscv_soc_tick_riscv_soc_tick_Pipeline_VITIS_LOOP_166_4 |          2 |          2 |       0 |    0 |     8 |      0 |      0 |    0 |          0 |
|     flow_control_loop_pipe_sequential_init_U                              |              riscv_soc_tick_flow_control_loop_pipe_sequential_init_220 |         28 |         28 |       0 |    0 |     2 |      0 |      0 |    0 |          0 |
|   grp_riscv_soc_tick_Pipeline_VITIS_LOOP_170_5_fu_7669                    |                riscv_soc_tick_riscv_soc_tick_Pipeline_VITIS_LOOP_170_5 |         85 |         85 |       0 |    0 |    19 |      0 |      0 |    0 |          0 |
|     (grp_riscv_soc_tick_Pipeline_VITIS_LOOP_170_5_fu_7669)                |                riscv_soc_tick_riscv_soc_tick_Pipeline_VITIS_LOOP_170_5 |          0 |          0 |       0 |    0 |    17 |      0 |      0 |    0 |          0 |
|     flow_control_loop_pipe_sequential_init_U                              |              riscv_soc_tick_flow_control_loop_pipe_sequential_init_219 |         85 |         85 |       0 |    0 |     2 |      0 |      0 |    0 |          0 |
|   grp_riscv_soc_tick_Pipeline_VITIS_LOOP_199_6_fu_7639                    |                riscv_soc_tick_riscv_soc_tick_Pipeline_VITIS_LOOP_199_6 |         22 |         22 |       0 |    0 |    19 |      0 |      0 |    0 |          0 |
|     (grp_riscv_soc_tick_Pipeline_VITIS_LOOP_199_6_fu_7639)                |                riscv_soc_tick_riscv_soc_tick_Pipeline_VITIS_LOOP_199_6 |          2 |          2 |       0 |    0 |    17 |      0 |      0 |    0 |          0 |
|     flow_control_loop_pipe_sequential_init_U                              |              riscv_soc_tick_flow_control_loop_pipe_sequential_init_218 |         20 |         20 |       0 |    0 |     2 |      0 |      0 |    0 |          0 |
|   grp_riscv_soc_tick_Pipeline_VITIS_LOOP_235_7_fu_7631                    |                riscv_soc_tick_riscv_soc_tick_Pipeline_VITIS_LOOP_235_7 |         73 |         73 |       0 |    0 |    19 |      0 |      0 |    0 |          0 |
|     (grp_riscv_soc_tick_Pipeline_VITIS_LOOP_235_7_fu_7631)                |                riscv_soc_tick_riscv_soc_tick_Pipeline_VITIS_LOOP_235_7 |         17 |         17 |       0 |    0 |    17 |      0 |      0 |    0 |          0 |
|     flow_control_loop_pipe_sequential_init_U                              |              riscv_soc_tick_flow_control_loop_pipe_sequential_init_217 |         56 |         56 |       0 |    0 |     2 |      0 |      0 |    0 |          0 |
|   grp_riscv_soc_tick_Pipeline_VITIS_LOOP_291_8_fu_7604                    |                riscv_soc_tick_riscv_soc_tick_Pipeline_VITIS_LOOP_291_8 |         20 |         20 |       0 |    0 |    19 |      0 |      0 |    0 |          0 |
|     (grp_riscv_soc_tick_Pipeline_VITIS_LOOP_291_8_fu_7604)                |                riscv_soc_tick_riscv_soc_tick_Pipeline_VITIS_LOOP_291_8 |          0 |          0 |       0 |    0 |    17 |      0 |      0 |    0 |          0 |
|     flow_control_loop_pipe_sequential_init_U                              |              riscv_soc_tick_flow_control_loop_pipe_sequential_init_216 |         20 |         20 |       0 |    0 |     2 |      0 |      0 |    0 |          0 |
|   grp_riscv_soc_tick_Pipeline_VITIS_LOOP_570_11_fu_7540                   |               riscv_soc_tick_riscv_soc_tick_Pipeline_VITIS_LOOP_570_11 |         60 |         60 |       0 |    0 |    19 |      0 |      0 |    0 |          0 |
|     (grp_riscv_soc_tick_Pipeline_VITIS_LOOP_570_11_fu_7540)               |               riscv_soc_tick_riscv_soc_tick_Pipeline_VITIS_LOOP_570_11 |          0 |          0 |       0 |    0 |    17 |      0 |      0 |    0 |          0 |
|     flow_control_loop_pipe_sequential_init_U                              |              riscv_soc_tick_flow_control_loop_pipe_sequential_init_215 |         60 |         60 |       0 |    0 |     2 |      0 |      0 |    0 |          0 |
|   grp_riscv_soc_tick_Pipeline_VITIS_LOOP_74_1_fu_7647                     |                 riscv_soc_tick_riscv_soc_tick_Pipeline_VITIS_LOOP_74_1 |         25 |         25 |       0 |    0 |    12 |      0 |      0 |    0 |          0 |
|     (grp_riscv_soc_tick_Pipeline_VITIS_LOOP_74_1_fu_7647)                 |                 riscv_soc_tick_riscv_soc_tick_Pipeline_VITIS_LOOP_74_1 |          0 |          0 |       0 |    0 |    10 |      0 |      0 |    0 |          0 |
|     flow_control_loop_pipe_sequential_init_U                              |              riscv_soc_tick_flow_control_loop_pipe_sequential_init_214 |         25 |         25 |       0 |    0 |     2 |      0 |      0 |    0 |          0 |
|   grp_riscv_soc_tick_Pipeline_VITIS_LOOP_75_2_VITIS_LOOP_76_3_fu_7653     | riscv_soc_tick_riscv_soc_tick_Pipeline_VITIS_LOOP_75_2_VITIS_LOOP_76_3 |         52 |         52 |       0 |    0 |    21 |      0 |      0 |    0 |          0 |
|     (grp_riscv_soc_tick_Pipeline_VITIS_LOOP_75_2_VITIS_LOOP_76_3_fu_7653) | riscv_soc_tick_riscv_soc_tick_Pipeline_VITIS_LOOP_75_2_VITIS_LOOP_76_3 |          5 |          5 |       0 |    0 |    19 |      0 |      0 |    0 |          0 |
|     flow_control_loop_pipe_sequential_init_U                              |              riscv_soc_tick_flow_control_loop_pipe_sequential_init_213 |         47 |         47 |       0 |    0 |     2 |      0 |      0 |    0 |          0 |
|   grp_riscv_soc_tick_Pipeline_VITIS_LOOP_77_1_fu_7222                     |                 riscv_soc_tick_riscv_soc_tick_Pipeline_VITIS_LOOP_77_1 |         79 |         79 |       0 |    0 |     7 |      0 |      0 |    0 |          0 |
|     (grp_riscv_soc_tick_Pipeline_VITIS_LOOP_77_1_fu_7222)                 |                 riscv_soc_tick_riscv_soc_tick_Pipeline_VITIS_LOOP_77_1 |         25 |         25 |       0 |    0 |     5 |      0 |      0 |    0 |          0 |
|     flow_control_loop_pipe_sequential_init_U                              |              riscv_soc_tick_flow_control_loop_pipe_sequential_init_212 |         55 |         55 |       0 |    0 |     2 |      0 |      0 |    0 |          0 |
|   grp_tage_fold_fu_7229                                                   |                                               riscv_soc_tick_tage_fold |        437 |        412 |       0 |   25 |   430 |      0 |      0 |    0 |          0 |
|     (grp_tage_fold_fu_7229)                                               |                                               riscv_soc_tick_tage_fold |         52 |         39 |       0 |   13 |   179 |      0 |      0 |    0 |          0 |
|     urem_1ns_4ns_2_5_seq_1_U305                                           |                              riscv_soc_tick_urem_1ns_4ns_2_5_seq_1_182 |          4 |          4 |       0 |    0 |     8 |      0 |      0 |    0 |          0 |
|       (urem_1ns_4ns_2_5_seq_1_U305)                                       |                              riscv_soc_tick_urem_1ns_4ns_2_5_seq_1_182 |          1 |          1 |       0 |    0 |     2 |      0 |      0 |    0 |          0 |
|       riscv_soc_tick_urem_1ns_4ns_2_5_seq_1_divseq_u                      |                       riscv_soc_tick_urem_1ns_4ns_2_5_seq_1_divseq_211 |          3 |          3 |       0 |    0 |     6 |      0 |      0 |    0 |          0 |
|     urem_3ns_4ns_3_7_seq_1_U303                                           |                              riscv_soc_tick_urem_3ns_4ns_3_7_seq_1_183 |         15 |         15 |       0 |    0 |    18 |      0 |      0 |    0 |          0 |
|       (urem_3ns_4ns_3_7_seq_1_U303)                                       |                              riscv_soc_tick_urem_3ns_4ns_3_7_seq_1_183 |          6 |          6 |       0 |    0 |     6 |      0 |      0 |    0 |          0 |
|       riscv_soc_tick_urem_3ns_4ns_3_7_seq_1_divseq_u                      |                       riscv_soc_tick_urem_3ns_4ns_3_7_seq_1_divseq_210 |          9 |          9 |       0 |    0 |    12 |      0 |      0 |    0 |          0 |
|     urem_3ns_4ns_4_7_seq_1_U304                                           |                              riscv_soc_tick_urem_3ns_4ns_4_7_seq_1_184 |          9 |          9 |       0 |    0 |     9 |      0 |      0 |    0 |          0 |
|       (urem_3ns_4ns_4_7_seq_1_U304)                                       |                              riscv_soc_tick_urem_3ns_4ns_4_7_seq_1_184 |          8 |          8 |       0 |    0 |     3 |      0 |      0 |    0 |          0 |
|       riscv_soc_tick_urem_3ns_4ns_4_7_seq_1_divseq_u                      |                       riscv_soc_tick_urem_3ns_4ns_4_7_seq_1_divseq_209 |          1 |          1 |       0 |    0 |     6 |      0 |      0 |    0 |          0 |
|     urem_4ns_4ns_4_8_seq_1_U306                                           |                              riscv_soc_tick_urem_4ns_4ns_4_8_seq_1_185 |         23 |         22 |       0 |    1 |    18 |      0 |      0 |    0 |          0 |
|       (urem_4ns_4ns_4_8_seq_1_U306)                                       |                              riscv_soc_tick_urem_4ns_4ns_4_8_seq_1_185 |         12 |         12 |       0 |    0 |     5 |      0 |      0 |    0 |          0 |
|       riscv_soc_tick_urem_4ns_4ns_4_8_seq_1_divseq_u                      |                       riscv_soc_tick_urem_4ns_4ns_4_8_seq_1_divseq_208 |         11 |         10 |       0 |    1 |    13 |      0 |      0 |    0 |          0 |
|     urem_4ns_4ns_4_8_seq_1_U307                                           |                              riscv_soc_tick_urem_4ns_4ns_4_8_seq_1_186 |         26 |         25 |       0 |    1 |    18 |      0 |      0 |    0 |          0 |
|       (urem_4ns_4ns_4_8_seq_1_U307)                                       |                              riscv_soc_tick_urem_4ns_4ns_4_8_seq_1_186 |         15 |         15 |       0 |    0 |     5 |      0 |      0 |    0 |          0 |
|       riscv_soc_tick_urem_4ns_4ns_4_8_seq_1_divseq_u                      |                       riscv_soc_tick_urem_4ns_4ns_4_8_seq_1_divseq_207 |         11 |         10 |       0 |    1 |    13 |      0 |      0 |    0 |          0 |
|     urem_4ns_4ns_4_8_seq_1_U308                                           |                              riscv_soc_tick_urem_4ns_4ns_4_8_seq_1_187 |         28 |         27 |       0 |    1 |    18 |      0 |      0 |    0 |          0 |
|       (urem_4ns_4ns_4_8_seq_1_U308)                                       |                              riscv_soc_tick_urem_4ns_4ns_4_8_seq_1_187 |         17 |         17 |       0 |    0 |     5 |      0 |      0 |    0 |          0 |
|       riscv_soc_tick_urem_4ns_4ns_4_8_seq_1_divseq_u                      |                       riscv_soc_tick_urem_4ns_4ns_4_8_seq_1_divseq_206 |         11 |         10 |       0 |    1 |    13 |      0 |      0 |    0 |          0 |
|     urem_4ns_4ns_4_8_seq_1_U309                                           |                              riscv_soc_tick_urem_4ns_4ns_4_8_seq_1_188 |         28 |         27 |       0 |    1 |    18 |      0 |      0 |    0 |          0 |
|       (urem_4ns_4ns_4_8_seq_1_U309)                                       |                              riscv_soc_tick_urem_4ns_4ns_4_8_seq_1_188 |         17 |         17 |       0 |    0 |     5 |      0 |      0 |    0 |          0 |
|       riscv_soc_tick_urem_4ns_4ns_4_8_seq_1_divseq_u                      |                       riscv_soc_tick_urem_4ns_4ns_4_8_seq_1_divseq_205 |         11 |         10 |       0 |    1 |    13 |      0 |      0 |    0 |          0 |
|     urem_4s_4ns_4_8_seq_1_U310                                            |                               riscv_soc_tick_urem_4s_4ns_4_8_seq_1_189 |         28 |         27 |       0 |    1 |    18 |      0 |      0 |    0 |          0 |
|       (urem_4s_4ns_4_8_seq_1_U310)                                        |                               riscv_soc_tick_urem_4s_4ns_4_8_seq_1_189 |         17 |         17 |       0 |    0 |     5 |      0 |      0 |    0 |          0 |
|       riscv_soc_tick_urem_4s_4ns_4_8_seq_1_divseq_u                       |                        riscv_soc_tick_urem_4s_4ns_4_8_seq_1_divseq_204 |         11 |         10 |       0 |    1 |    13 |      0 |      0 |    0 |          0 |
|     urem_4s_4ns_4_8_seq_1_U311                                            |                               riscv_soc_tick_urem_4s_4ns_4_8_seq_1_190 |         28 |         27 |       0 |    1 |    18 |      0 |      0 |    0 |          0 |
|       (urem_4s_4ns_4_8_seq_1_U311)                                        |                               riscv_soc_tick_urem_4s_4ns_4_8_seq_1_190 |         17 |         17 |       0 |    0 |     5 |      0 |      0 |    0 |          0 |
|       riscv_soc_tick_urem_4s_4ns_4_8_seq_1_divseq_u                       |                        riscv_soc_tick_urem_4s_4ns_4_8_seq_1_divseq_203 |         11 |         10 |       0 |    1 |    13 |      0 |      0 |    0 |          0 |
|     urem_4s_4ns_4_8_seq_1_U312                                            |                               riscv_soc_tick_urem_4s_4ns_4_8_seq_1_191 |         28 |         27 |       0 |    1 |    18 |      0 |      0 |    0 |          0 |
|       (urem_4s_4ns_4_8_seq_1_U312)                                        |                               riscv_soc_tick_urem_4s_4ns_4_8_seq_1_191 |         17 |         17 |       0 |    0 |     5 |      0 |      0 |    0 |          0 |
|       riscv_soc_tick_urem_4s_4ns_4_8_seq_1_divseq_u                       |                        riscv_soc_tick_urem_4s_4ns_4_8_seq_1_divseq_202 |         11 |         10 |       0 |    1 |    13 |      0 |      0 |    0 |          0 |
|     urem_4s_4ns_4_8_seq_1_U313                                            |                               riscv_soc_tick_urem_4s_4ns_4_8_seq_1_192 |         28 |         27 |       0 |    1 |    18 |      0 |      0 |    0 |          0 |
|       (urem_4s_4ns_4_8_seq_1_U313)                                        |                               riscv_soc_tick_urem_4s_4ns_4_8_seq_1_192 |         17 |         17 |       0 |    0 |     5 |      0 |      0 |    0 |          0 |
|       riscv_soc_tick_urem_4s_4ns_4_8_seq_1_divseq_u                       |                        riscv_soc_tick_urem_4s_4ns_4_8_seq_1_divseq_201 |         11 |         10 |       0 |    1 |    13 |      0 |      0 |    0 |          0 |
|     urem_4s_4ns_4_8_seq_1_U314                                            |                               riscv_soc_tick_urem_4s_4ns_4_8_seq_1_193 |         28 |         27 |       0 |    1 |    18 |      0 |      0 |    0 |          0 |
|       (urem_4s_4ns_4_8_seq_1_U314)                                        |                               riscv_soc_tick_urem_4s_4ns_4_8_seq_1_193 |         17 |         17 |       0 |    0 |     5 |      0 |      0 |    0 |          0 |
|       riscv_soc_tick_urem_4s_4ns_4_8_seq_1_divseq_u                       |                        riscv_soc_tick_urem_4s_4ns_4_8_seq_1_divseq_200 |         11 |         10 |       0 |    1 |    13 |      0 |      0 |    0 |          0 |
|     urem_4s_4ns_4_8_seq_1_U315                                            |                               riscv_soc_tick_urem_4s_4ns_4_8_seq_1_194 |         28 |         27 |       0 |    1 |    18 |      0 |      0 |    0 |          0 |
|       (urem_4s_4ns_4_8_seq_1_U315)                                        |                               riscv_soc_tick_urem_4s_4ns_4_8_seq_1_194 |         17 |         17 |       0 |    0 |     5 |      0 |      0 |    0 |          0 |
|       riscv_soc_tick_urem_4s_4ns_4_8_seq_1_divseq_u                       |                        riscv_soc_tick_urem_4s_4ns_4_8_seq_1_divseq_199 |         11 |         10 |       0 |    1 |    13 |      0 |      0 |    0 |          0 |
|     urem_4s_4ns_4_8_seq_1_U316                                            |                               riscv_soc_tick_urem_4s_4ns_4_8_seq_1_195 |         28 |         27 |       0 |    1 |    18 |      0 |      0 |    0 |          0 |
|       (urem_4s_4ns_4_8_seq_1_U316)                                        |                               riscv_soc_tick_urem_4s_4ns_4_8_seq_1_195 |         17 |         17 |       0 |    0 |     5 |      0 |      0 |    0 |          0 |
|       riscv_soc_tick_urem_4s_4ns_4_8_seq_1_divseq_u                       |                        riscv_soc_tick_urem_4s_4ns_4_8_seq_1_divseq_198 |         11 |         10 |       0 |    1 |    13 |      0 |      0 |    0 |          0 |
|     urem_4s_4ns_4_8_seq_1_U317                                            |                               riscv_soc_tick_urem_4s_4ns_4_8_seq_1_196 |         60 |         59 |       0 |    1 |    18 |      0 |      0 |    0 |          0 |
|       (urem_4s_4ns_4_8_seq_1_U317)                                        |                               riscv_soc_tick_urem_4s_4ns_4_8_seq_1_196 |         49 |         49 |       0 |    0 |     5 |      0 |      0 |    0 |          0 |
|       riscv_soc_tick_urem_4s_4ns_4_8_seq_1_divseq_u                       |                        riscv_soc_tick_urem_4s_4ns_4_8_seq_1_divseq_197 |         11 |         10 |       0 |    1 |    13 |      0 |      0 |    0 |          0 |
|   grp_tage_fold_fu_7238                                                   |                                             riscv_soc_tick_tage_fold_0 |        413 |        388 |       0 |   25 |   430 |      0 |      0 |    0 |          0 |
|     (grp_tage_fold_fu_7238)                                               |                                             riscv_soc_tick_tage_fold_0 |         43 |         30 |       0 |   13 |   179 |      0 |      0 |    0 |          0 |
|     urem_1ns_4ns_2_5_seq_1_U305                                           |                              riscv_soc_tick_urem_1ns_4ns_2_5_seq_1_152 |          4 |          4 |       0 |    0 |     8 |      0 |      0 |    0 |          0 |
|       (urem_1ns_4ns_2_5_seq_1_U305)                                       |                              riscv_soc_tick_urem_1ns_4ns_2_5_seq_1_152 |          1 |          1 |       0 |    0 |     2 |      0 |      0 |    0 |          0 |
|       riscv_soc_tick_urem_1ns_4ns_2_5_seq_1_divseq_u                      |                       riscv_soc_tick_urem_1ns_4ns_2_5_seq_1_divseq_181 |          3 |          3 |       0 |    0 |     6 |      0 |      0 |    0 |          0 |
|     urem_3ns_4ns_3_7_seq_1_U303                                           |                              riscv_soc_tick_urem_3ns_4ns_3_7_seq_1_153 |         14 |         14 |       0 |    0 |    18 |      0 |      0 |    0 |          0 |
|       (urem_3ns_4ns_3_7_seq_1_U303)                                       |                              riscv_soc_tick_urem_3ns_4ns_3_7_seq_1_153 |          5 |          5 |       0 |    0 |     6 |      0 |      0 |    0 |          0 |
|       riscv_soc_tick_urem_3ns_4ns_3_7_seq_1_divseq_u                      |                       riscv_soc_tick_urem_3ns_4ns_3_7_seq_1_divseq_180 |          9 |          9 |       0 |    0 |    12 |      0 |      0 |    0 |          0 |
|     urem_3ns_4ns_4_7_seq_1_U304                                           |                              riscv_soc_tick_urem_3ns_4ns_4_7_seq_1_154 |          8 |          8 |       0 |    0 |     9 |      0 |      0 |    0 |          0 |
|       (urem_3ns_4ns_4_7_seq_1_U304)                                       |                              riscv_soc_tick_urem_3ns_4ns_4_7_seq_1_154 |          7 |          7 |       0 |    0 |     3 |      0 |      0 |    0 |          0 |
|       riscv_soc_tick_urem_3ns_4ns_4_7_seq_1_divseq_u                      |                       riscv_soc_tick_urem_3ns_4ns_4_7_seq_1_divseq_179 |          1 |          1 |       0 |    0 |     6 |      0 |      0 |    0 |          0 |
|     urem_4ns_4ns_4_8_seq_1_U306                                           |                              riscv_soc_tick_urem_4ns_4ns_4_8_seq_1_155 |         23 |         22 |       0 |    1 |    18 |      0 |      0 |    0 |          0 |
|       (urem_4ns_4ns_4_8_seq_1_U306)                                       |                              riscv_soc_tick_urem_4ns_4ns_4_8_seq_1_155 |         12 |         12 |       0 |    0 |     5 |      0 |      0 |    0 |          0 |
|       riscv_soc_tick_urem_4ns_4ns_4_8_seq_1_divseq_u                      |                       riscv_soc_tick_urem_4ns_4ns_4_8_seq_1_divseq_178 |         11 |         10 |       0 |    1 |    13 |      0 |      0 |    0 |          0 |
|     urem_4ns_4ns_4_8_seq_1_U307                                           |                              riscv_soc_tick_urem_4ns_4ns_4_8_seq_1_156 |         26 |         25 |       0 |    1 |    18 |      0 |      0 |    0 |          0 |
|       (urem_4ns_4ns_4_8_seq_1_U307)                                       |                              riscv_soc_tick_urem_4ns_4ns_4_8_seq_1_156 |         15 |         15 |       0 |    0 |     5 |      0 |      0 |    0 |          0 |
|       riscv_soc_tick_urem_4ns_4ns_4_8_seq_1_divseq_u                      |                       riscv_soc_tick_urem_4ns_4ns_4_8_seq_1_divseq_177 |         11 |         10 |       0 |    1 |    13 |      0 |      0 |    0 |          0 |
|     urem_4ns_4ns_4_8_seq_1_U308                                           |                              riscv_soc_tick_urem_4ns_4ns_4_8_seq_1_157 |         29 |         28 |       0 |    1 |    18 |      0 |      0 |    0 |          0 |
|       (urem_4ns_4ns_4_8_seq_1_U308)                                       |                              riscv_soc_tick_urem_4ns_4ns_4_8_seq_1_157 |         18 |         18 |       0 |    0 |     5 |      0 |      0 |    0 |          0 |
|       riscv_soc_tick_urem_4ns_4ns_4_8_seq_1_divseq_u                      |                       riscv_soc_tick_urem_4ns_4ns_4_8_seq_1_divseq_176 |         11 |         10 |       0 |    1 |    13 |      0 |      0 |    0 |          0 |
|     urem_4ns_4ns_4_8_seq_1_U309                                           |                              riscv_soc_tick_urem_4ns_4ns_4_8_seq_1_158 |         28 |         27 |       0 |    1 |    18 |      0 |      0 |    0 |          0 |
|       (urem_4ns_4ns_4_8_seq_1_U309)                                       |                              riscv_soc_tick_urem_4ns_4ns_4_8_seq_1_158 |         17 |         17 |       0 |    0 |     5 |      0 |      0 |    0 |          0 |
|       riscv_soc_tick_urem_4ns_4ns_4_8_seq_1_divseq_u                      |                       riscv_soc_tick_urem_4ns_4ns_4_8_seq_1_divseq_175 |         11 |         10 |       0 |    1 |    13 |      0 |      0 |    0 |          0 |
|     urem_4s_4ns_4_8_seq_1_U310                                            |                               riscv_soc_tick_urem_4s_4ns_4_8_seq_1_159 |         28 |         27 |       0 |    1 |    18 |      0 |      0 |    0 |          0 |
|       (urem_4s_4ns_4_8_seq_1_U310)                                        |                               riscv_soc_tick_urem_4s_4ns_4_8_seq_1_159 |         17 |         17 |       0 |    0 |     5 |      0 |      0 |    0 |          0 |
|       riscv_soc_tick_urem_4s_4ns_4_8_seq_1_divseq_u                       |                        riscv_soc_tick_urem_4s_4ns_4_8_seq_1_divseq_174 |         11 |         10 |       0 |    1 |    13 |      0 |      0 |    0 |          0 |
|     urem_4s_4ns_4_8_seq_1_U311                                            |                               riscv_soc_tick_urem_4s_4ns_4_8_seq_1_160 |         28 |         27 |       0 |    1 |    18 |      0 |      0 |    0 |          0 |
|       (urem_4s_4ns_4_8_seq_1_U311)                                        |                               riscv_soc_tick_urem_4s_4ns_4_8_seq_1_160 |         17 |         17 |       0 |    0 |     5 |      0 |      0 |    0 |          0 |
|       riscv_soc_tick_urem_4s_4ns_4_8_seq_1_divseq_u                       |                        riscv_soc_tick_urem_4s_4ns_4_8_seq_1_divseq_173 |         11 |         10 |       0 |    1 |    13 |      0 |      0 |    0 |          0 |
|     urem_4s_4ns_4_8_seq_1_U312                                            |                               riscv_soc_tick_urem_4s_4ns_4_8_seq_1_161 |         28 |         27 |       0 |    1 |    18 |      0 |      0 |    0 |          0 |
|       (urem_4s_4ns_4_8_seq_1_U312)                                        |                               riscv_soc_tick_urem_4s_4ns_4_8_seq_1_161 |         17 |         17 |       0 |    0 |     5 |      0 |      0 |    0 |          0 |
|       riscv_soc_tick_urem_4s_4ns_4_8_seq_1_divseq_u                       |                        riscv_soc_tick_urem_4s_4ns_4_8_seq_1_divseq_172 |         11 |         10 |       0 |    1 |    13 |      0 |      0 |    0 |          0 |
|     urem_4s_4ns_4_8_seq_1_U313                                            |                               riscv_soc_tick_urem_4s_4ns_4_8_seq_1_162 |         28 |         27 |       0 |    1 |    18 |      0 |      0 |    0 |          0 |
|       (urem_4s_4ns_4_8_seq_1_U313)                                        |                               riscv_soc_tick_urem_4s_4ns_4_8_seq_1_162 |         17 |         17 |       0 |    0 |     5 |      0 |      0 |    0 |          0 |
|       riscv_soc_tick_urem_4s_4ns_4_8_seq_1_divseq_u                       |                        riscv_soc_tick_urem_4s_4ns_4_8_seq_1_divseq_171 |         11 |         10 |       0 |    1 |    13 |      0 |      0 |    0 |          0 |
|     urem_4s_4ns_4_8_seq_1_U314                                            |                               riscv_soc_tick_urem_4s_4ns_4_8_seq_1_163 |         28 |         27 |       0 |    1 |    18 |      0 |      0 |    0 |          0 |
|       (urem_4s_4ns_4_8_seq_1_U314)                                        |                               riscv_soc_tick_urem_4s_4ns_4_8_seq_1_163 |         17 |         17 |       0 |    0 |     5 |      0 |      0 |    0 |          0 |
|       riscv_soc_tick_urem_4s_4ns_4_8_seq_1_divseq_u                       |                        riscv_soc_tick_urem_4s_4ns_4_8_seq_1_divseq_170 |         11 |         10 |       0 |    1 |    13 |      0 |      0 |    0 |          0 |
|     urem_4s_4ns_4_8_seq_1_U315                                            |                               riscv_soc_tick_urem_4s_4ns_4_8_seq_1_164 |         28 |         27 |       0 |    1 |    18 |      0 |      0 |    0 |          0 |
|       (urem_4s_4ns_4_8_seq_1_U315)                                        |                               riscv_soc_tick_urem_4s_4ns_4_8_seq_1_164 |         17 |         17 |       0 |    0 |     5 |      0 |      0 |    0 |          0 |
|       riscv_soc_tick_urem_4s_4ns_4_8_seq_1_divseq_u                       |                        riscv_soc_tick_urem_4s_4ns_4_8_seq_1_divseq_169 |         11 |         10 |       0 |    1 |    13 |      0 |      0 |    0 |          0 |
|     urem_4s_4ns_4_8_seq_1_U316                                            |                               riscv_soc_tick_urem_4s_4ns_4_8_seq_1_165 |         28 |         27 |       0 |    1 |    18 |      0 |      0 |    0 |          0 |
|       (urem_4s_4ns_4_8_seq_1_U316)                                        |                               riscv_soc_tick_urem_4s_4ns_4_8_seq_1_165 |         17 |         17 |       0 |    0 |     5 |      0 |      0 |    0 |          0 |
|       riscv_soc_tick_urem_4s_4ns_4_8_seq_1_divseq_u                       |                        riscv_soc_tick_urem_4s_4ns_4_8_seq_1_divseq_168 |         11 |         10 |       0 |    1 |    13 |      0 |      0 |    0 |          0 |
|     urem_4s_4ns_4_8_seq_1_U317                                            |                               riscv_soc_tick_urem_4s_4ns_4_8_seq_1_166 |         47 |         46 |       0 |    1 |    18 |      0 |      0 |    0 |          0 |
|       (urem_4s_4ns_4_8_seq_1_U317)                                        |                               riscv_soc_tick_urem_4s_4ns_4_8_seq_1_166 |         36 |         36 |       0 |    0 |     5 |      0 |      0 |    0 |          0 |
|       riscv_soc_tick_urem_4s_4ns_4_8_seq_1_divseq_u                       |                        riscv_soc_tick_urem_4s_4ns_4_8_seq_1_divseq_167 |         11 |         10 |       0 |    1 |    13 |      0 |      0 |    0 |          0 |
|   grp_tage_fold_fu_7247                                                   |                                             riscv_soc_tick_tage_fold_1 |        416 |        391 |       0 |   25 |   422 |      0 |      0 |    0 |          0 |
|     (grp_tage_fold_fu_7247)                                               |                                             riscv_soc_tick_tage_fold_1 |         38 |         25 |       0 |   13 |   171 |      0 |      0 |    0 |          0 |
|     urem_1ns_4ns_2_5_seq_1_U305                                           |                              riscv_soc_tick_urem_1ns_4ns_2_5_seq_1_122 |          3 |          3 |       0 |    0 |     8 |      0 |      0 |    0 |          0 |
|       (urem_1ns_4ns_2_5_seq_1_U305)                                       |                              riscv_soc_tick_urem_1ns_4ns_2_5_seq_1_122 |          0 |          0 |       0 |    0 |     2 |      0 |      0 |    0 |          0 |
|       riscv_soc_tick_urem_1ns_4ns_2_5_seq_1_divseq_u                      |                       riscv_soc_tick_urem_1ns_4ns_2_5_seq_1_divseq_151 |          3 |          3 |       0 |    0 |     6 |      0 |      0 |    0 |          0 |
|     urem_3ns_4ns_3_7_seq_1_U303                                           |                              riscv_soc_tick_urem_3ns_4ns_3_7_seq_1_123 |         12 |         12 |       0 |    0 |    18 |      0 |      0 |    0 |          0 |
|       (urem_3ns_4ns_3_7_seq_1_U303)                                       |                              riscv_soc_tick_urem_3ns_4ns_3_7_seq_1_123 |          3 |          3 |       0 |    0 |     6 |      0 |      0 |    0 |          0 |
|       riscv_soc_tick_urem_3ns_4ns_3_7_seq_1_divseq_u                      |                       riscv_soc_tick_urem_3ns_4ns_3_7_seq_1_divseq_150 |          9 |          9 |       0 |    0 |    12 |      0 |      0 |    0 |          0 |
|     urem_3ns_4ns_4_7_seq_1_U304                                           |                              riscv_soc_tick_urem_3ns_4ns_4_7_seq_1_124 |          5 |          5 |       0 |    0 |     9 |      0 |      0 |    0 |          0 |
|       (urem_3ns_4ns_4_7_seq_1_U304)                                       |                              riscv_soc_tick_urem_3ns_4ns_4_7_seq_1_124 |          4 |          4 |       0 |    0 |     3 |      0 |      0 |    0 |          0 |
|       riscv_soc_tick_urem_3ns_4ns_4_7_seq_1_divseq_u                      |                       riscv_soc_tick_urem_3ns_4ns_4_7_seq_1_divseq_149 |          1 |          1 |       0 |    0 |     6 |      0 |      0 |    0 |          0 |
|     urem_4ns_4ns_4_8_seq_1_U306                                           |                              riscv_soc_tick_urem_4ns_4ns_4_8_seq_1_125 |         17 |         16 |       0 |    1 |    18 |      0 |      0 |    0 |          0 |
|       (urem_4ns_4ns_4_8_seq_1_U306)                                       |                              riscv_soc_tick_urem_4ns_4ns_4_8_seq_1_125 |          6 |          6 |       0 |    0 |     5 |      0 |      0 |    0 |          0 |
|       riscv_soc_tick_urem_4ns_4ns_4_8_seq_1_divseq_u                      |                       riscv_soc_tick_urem_4ns_4ns_4_8_seq_1_divseq_148 |         11 |         10 |       0 |    1 |    13 |      0 |      0 |    0 |          0 |
|     urem_4ns_4ns_4_8_seq_1_U307                                           |                              riscv_soc_tick_urem_4ns_4ns_4_8_seq_1_126 |         18 |         17 |       0 |    1 |    18 |      0 |      0 |    0 |          0 |
|       (urem_4ns_4ns_4_8_seq_1_U307)                                       |                              riscv_soc_tick_urem_4ns_4ns_4_8_seq_1_126 |          7 |          7 |       0 |    0 |     5 |      0 |      0 |    0 |          0 |
|       riscv_soc_tick_urem_4ns_4ns_4_8_seq_1_divseq_u                      |                       riscv_soc_tick_urem_4ns_4ns_4_8_seq_1_divseq_147 |         11 |         10 |       0 |    1 |    13 |      0 |      0 |    0 |          0 |
|     urem_4ns_4ns_4_8_seq_1_U308                                           |                              riscv_soc_tick_urem_4ns_4ns_4_8_seq_1_127 |         20 |         19 |       0 |    1 |    18 |      0 |      0 |    0 |          0 |
|       (urem_4ns_4ns_4_8_seq_1_U308)                                       |                              riscv_soc_tick_urem_4ns_4ns_4_8_seq_1_127 |          9 |          9 |       0 |    0 |     5 |      0 |      0 |    0 |          0 |
|       riscv_soc_tick_urem_4ns_4ns_4_8_seq_1_divseq_u                      |                       riscv_soc_tick_urem_4ns_4ns_4_8_seq_1_divseq_146 |         11 |         10 |       0 |    1 |    13 |      0 |      0 |    0 |          0 |
|     urem_4ns_4ns_4_8_seq_1_U309                                           |                              riscv_soc_tick_urem_4ns_4ns_4_8_seq_1_128 |         25 |         24 |       0 |    1 |    18 |      0 |      0 |    0 |          0 |
|       (urem_4ns_4ns_4_8_seq_1_U309)                                       |                              riscv_soc_tick_urem_4ns_4ns_4_8_seq_1_128 |         14 |         14 |       0 |    0 |     5 |      0 |      0 |    0 |          0 |
|       riscv_soc_tick_urem_4ns_4ns_4_8_seq_1_divseq_u                      |                       riscv_soc_tick_urem_4ns_4ns_4_8_seq_1_divseq_145 |         11 |         10 |       0 |    1 |    13 |      0 |      0 |    0 |          0 |
|     urem_4s_4ns_4_8_seq_1_U310                                            |                               riscv_soc_tick_urem_4s_4ns_4_8_seq_1_129 |         32 |         31 |       0 |    1 |    18 |      0 |      0 |    0 |          0 |
|       (urem_4s_4ns_4_8_seq_1_U310)                                        |                               riscv_soc_tick_urem_4s_4ns_4_8_seq_1_129 |         21 |         21 |       0 |    0 |     5 |      0 |      0 |    0 |          0 |
|       riscv_soc_tick_urem_4s_4ns_4_8_seq_1_divseq_u                       |                        riscv_soc_tick_urem_4s_4ns_4_8_seq_1_divseq_144 |         11 |         10 |       0 |    1 |    13 |      0 |      0 |    0 |          0 |
|     urem_4s_4ns_4_8_seq_1_U311                                            |                               riscv_soc_tick_urem_4s_4ns_4_8_seq_1_130 |         33 |         32 |       0 |    1 |    18 |      0 |      0 |    0 |          0 |
|       (urem_4s_4ns_4_8_seq_1_U311)                                        |                               riscv_soc_tick_urem_4s_4ns_4_8_seq_1_130 |         22 |         22 |       0 |    0 |     5 |      0 |      0 |    0 |          0 |
|       riscv_soc_tick_urem_4s_4ns_4_8_seq_1_divseq_u                       |                        riscv_soc_tick_urem_4s_4ns_4_8_seq_1_divseq_143 |         11 |         10 |       0 |    1 |    13 |      0 |      0 |    0 |          0 |
|     urem_4s_4ns_4_8_seq_1_U312                                            |                               riscv_soc_tick_urem_4s_4ns_4_8_seq_1_131 |         33 |         32 |       0 |    1 |    18 |      0 |      0 |    0 |          0 |
|       (urem_4s_4ns_4_8_seq_1_U312)                                        |                               riscv_soc_tick_urem_4s_4ns_4_8_seq_1_131 |         22 |         22 |       0 |    0 |     5 |      0 |      0 |    0 |          0 |
|       riscv_soc_tick_urem_4s_4ns_4_8_seq_1_divseq_u                       |                        riscv_soc_tick_urem_4s_4ns_4_8_seq_1_divseq_142 |         11 |         10 |       0 |    1 |    13 |      0 |      0 |    0 |          0 |
|     urem_4s_4ns_4_8_seq_1_U313                                            |                               riscv_soc_tick_urem_4s_4ns_4_8_seq_1_132 |         33 |         32 |       0 |    1 |    18 |      0 |      0 |    0 |          0 |
|       (urem_4s_4ns_4_8_seq_1_U313)                                        |                               riscv_soc_tick_urem_4s_4ns_4_8_seq_1_132 |         22 |         22 |       0 |    0 |     5 |      0 |      0 |    0 |          0 |
|       riscv_soc_tick_urem_4s_4ns_4_8_seq_1_divseq_u                       |                        riscv_soc_tick_urem_4s_4ns_4_8_seq_1_divseq_141 |         11 |         10 |       0 |    1 |    13 |      0 |      0 |    0 |          0 |
|     urem_4s_4ns_4_8_seq_1_U314                                            |                               riscv_soc_tick_urem_4s_4ns_4_8_seq_1_133 |         33 |         32 |       0 |    1 |    18 |      0 |      0 |    0 |          0 |
|       (urem_4s_4ns_4_8_seq_1_U314)                                        |                               riscv_soc_tick_urem_4s_4ns_4_8_seq_1_133 |         22 |         22 |       0 |    0 |     5 |      0 |      0 |    0 |          0 |
|       riscv_soc_tick_urem_4s_4ns_4_8_seq_1_divseq_u                       |                        riscv_soc_tick_urem_4s_4ns_4_8_seq_1_divseq_140 |         11 |         10 |       0 |    1 |    13 |      0 |      0 |    0 |          0 |
|     urem_4s_4ns_4_8_seq_1_U315                                            |                               riscv_soc_tick_urem_4s_4ns_4_8_seq_1_134 |         33 |         32 |       0 |    1 |    18 |      0 |      0 |    0 |          0 |
|       (urem_4s_4ns_4_8_seq_1_U315)                                        |                               riscv_soc_tick_urem_4s_4ns_4_8_seq_1_134 |         22 |         22 |       0 |    0 |     5 |      0 |      0 |    0 |          0 |
|       riscv_soc_tick_urem_4s_4ns_4_8_seq_1_divseq_u                       |                        riscv_soc_tick_urem_4s_4ns_4_8_seq_1_divseq_139 |         11 |         10 |       0 |    1 |    13 |      0 |      0 |    0 |          0 |
|     urem_4s_4ns_4_8_seq_1_U316                                            |                               riscv_soc_tick_urem_4s_4ns_4_8_seq_1_135 |         33 |         32 |       0 |    1 |    18 |      0 |      0 |    0 |          0 |
|       (urem_4s_4ns_4_8_seq_1_U316)                                        |                               riscv_soc_tick_urem_4s_4ns_4_8_seq_1_135 |         22 |         22 |       0 |    0 |     5 |      0 |      0 |    0 |          0 |
|       riscv_soc_tick_urem_4s_4ns_4_8_seq_1_divseq_u                       |                        riscv_soc_tick_urem_4s_4ns_4_8_seq_1_divseq_138 |         11 |         10 |       0 |    1 |    13 |      0 |      0 |    0 |          0 |
|     urem_4s_4ns_4_8_seq_1_U317                                            |                               riscv_soc_tick_urem_4s_4ns_4_8_seq_1_136 |         48 |         47 |       0 |    1 |    18 |      0 |      0 |    0 |          0 |
|       (urem_4s_4ns_4_8_seq_1_U317)                                        |                               riscv_soc_tick_urem_4s_4ns_4_8_seq_1_136 |         37 |         37 |       0 |    0 |     5 |      0 |      0 |    0 |          0 |
|       riscv_soc_tick_urem_4s_4ns_4_8_seq_1_divseq_u                       |                        riscv_soc_tick_urem_4s_4ns_4_8_seq_1_divseq_137 |         11 |         10 |       0 |    1 |    13 |      0 |      0 |    0 |          0 |
|   grp_tage_fold_fu_7256                                                   |                                             riscv_soc_tick_tage_fold_2 |         74 |         65 |       0 |    9 |   204 |      0 |      0 |    0 |          0 |
|     (grp_tage_fold_fu_7256)                                               |                                             riscv_soc_tick_tage_fold_2 |         13 |          8 |       0 |    5 |   124 |      0 |      0 |    0 |          0 |
|     urem_1ns_4ns_2_5_seq_1_U305                                           |                              riscv_soc_tick_urem_1ns_4ns_2_5_seq_1_108 |          1 |          1 |       0 |    0 |     5 |      0 |      0 |    0 |          0 |
|       (urem_1ns_4ns_2_5_seq_1_U305)                                       |                              riscv_soc_tick_urem_1ns_4ns_2_5_seq_1_108 |          0 |          0 |       0 |    0 |     2 |      0 |      0 |    0 |          0 |
|       riscv_soc_tick_urem_1ns_4ns_2_5_seq_1_divseq_u                      |                       riscv_soc_tick_urem_1ns_4ns_2_5_seq_1_divseq_121 |          1 |          1 |       0 |    0 |     3 |      0 |      0 |    0 |          0 |
|     urem_3ns_4ns_3_7_seq_1_U303                                           |                              riscv_soc_tick_urem_3ns_4ns_3_7_seq_1_109 |          4 |          4 |       0 |    0 |    11 |      0 |      0 |    0 |          0 |
|       (urem_3ns_4ns_3_7_seq_1_U303)                                       |                              riscv_soc_tick_urem_3ns_4ns_3_7_seq_1_109 |          4 |          4 |       0 |    0 |     4 |      0 |      0 |    0 |          0 |
|       riscv_soc_tick_urem_3ns_4ns_3_7_seq_1_divseq_u                      |                       riscv_soc_tick_urem_3ns_4ns_3_7_seq_1_divseq_120 |          0 |          0 |       0 |    0 |     7 |      0 |      0 |    0 |          0 |
|     urem_3ns_4ns_4_7_seq_1_U304                                           |                              riscv_soc_tick_urem_3ns_4ns_4_7_seq_1_110 |          5 |          5 |       0 |    0 |     8 |      0 |      0 |    0 |          0 |
|       (urem_3ns_4ns_4_7_seq_1_U304)                                       |                              riscv_soc_tick_urem_3ns_4ns_4_7_seq_1_110 |          3 |          3 |       0 |    0 |     3 |      0 |      0 |    0 |          0 |
|       riscv_soc_tick_urem_3ns_4ns_4_7_seq_1_divseq_u                      |                       riscv_soc_tick_urem_3ns_4ns_4_7_seq_1_divseq_119 |          2 |          2 |       0 |    0 |     5 |      0 |      0 |    0 |          0 |
|     urem_4ns_4ns_4_8_seq_1_U306                                           |                              riscv_soc_tick_urem_4ns_4ns_4_8_seq_1_111 |         12 |         11 |       0 |    1 |    14 |      0 |      0 |    0 |          0 |
|       (urem_4ns_4ns_4_8_seq_1_U306)                                       |                              riscv_soc_tick_urem_4ns_4ns_4_8_seq_1_111 |          6 |          6 |       0 |    0 |     4 |      0 |      0 |    0 |          0 |
|       riscv_soc_tick_urem_4ns_4ns_4_8_seq_1_divseq_u                      |                       riscv_soc_tick_urem_4ns_4ns_4_8_seq_1_divseq_118 |          6 |          5 |       0 |    1 |    10 |      0 |      0 |    0 |          0 |
|     urem_4ns_4ns_4_8_seq_1_U307                                           |                              riscv_soc_tick_urem_4ns_4ns_4_8_seq_1_112 |         13 |         12 |       0 |    1 |    14 |      0 |      0 |    0 |          0 |
|       (urem_4ns_4ns_4_8_seq_1_U307)                                       |                              riscv_soc_tick_urem_4ns_4ns_4_8_seq_1_112 |          7 |          7 |       0 |    0 |     4 |      0 |      0 |    0 |          0 |
|       riscv_soc_tick_urem_4ns_4ns_4_8_seq_1_divseq_u                      |                       riscv_soc_tick_urem_4ns_4ns_4_8_seq_1_divseq_117 |          6 |          5 |       0 |    1 |    10 |      0 |      0 |    0 |          0 |
|     urem_4ns_4ns_4_8_seq_1_U308                                           |                              riscv_soc_tick_urem_4ns_4ns_4_8_seq_1_113 |         13 |         12 |       0 |    1 |    14 |      0 |      0 |    0 |          0 |
|       (urem_4ns_4ns_4_8_seq_1_U308)                                       |                              riscv_soc_tick_urem_4ns_4ns_4_8_seq_1_113 |          7 |          7 |       0 |    0 |     4 |      0 |      0 |    0 |          0 |
|       riscv_soc_tick_urem_4ns_4ns_4_8_seq_1_divseq_u                      |                       riscv_soc_tick_urem_4ns_4ns_4_8_seq_1_divseq_116 |          6 |          5 |       0 |    1 |    10 |      0 |      0 |    0 |          0 |
|     urem_4ns_4ns_4_8_seq_1_U309                                           |                              riscv_soc_tick_urem_4ns_4ns_4_8_seq_1_114 |         13 |         12 |       0 |    1 |    14 |      0 |      0 |    0 |          0 |
|       (urem_4ns_4ns_4_8_seq_1_U309)                                       |                              riscv_soc_tick_urem_4ns_4ns_4_8_seq_1_114 |          7 |          7 |       0 |    0 |     4 |      0 |      0 |    0 |          0 |
|       riscv_soc_tick_urem_4ns_4ns_4_8_seq_1_divseq_u                      |                       riscv_soc_tick_urem_4ns_4ns_4_8_seq_1_divseq_115 |          6 |          5 |       0 |    1 |    10 |      0 |      0 |    0 |          0 |
|   grp_tage_fold_fu_7265                                                   |                                             riscv_soc_tick_tage_fold_3 |        228 |        203 |       0 |   25 |   368 |      0 |      0 |    0 |          0 |
|     (grp_tage_fold_fu_7265)                                               |                                             riscv_soc_tick_tage_fold_3 |         31 |         18 |       0 |   13 |   148 |      0 |      0 |    0 |          0 |
|     urem_1ns_4ns_2_5_seq_1_U305                                           |                               riscv_soc_tick_urem_1ns_4ns_2_5_seq_1_78 |          1 |          1 |       0 |    0 |     5 |      0 |      0 |    0 |          0 |
|       (urem_1ns_4ns_2_5_seq_1_U305)                                       |                               riscv_soc_tick_urem_1ns_4ns_2_5_seq_1_78 |          0 |          0 |       0 |    0 |     2 |      0 |      0 |    0 |          0 |
|       riscv_soc_tick_urem_1ns_4ns_2_5_seq_1_divseq_u                      |                       riscv_soc_tick_urem_1ns_4ns_2_5_seq_1_divseq_107 |          1 |          1 |       0 |    0 |     3 |      0 |      0 |    0 |          0 |
|     urem_3ns_4ns_3_7_seq_1_U303                                           |                               riscv_soc_tick_urem_3ns_4ns_3_7_seq_1_79 |          7 |          7 |       0 |    0 |    14 |      0 |      0 |    0 |          0 |
|       (urem_3ns_4ns_3_7_seq_1_U303)                                       |                               riscv_soc_tick_urem_3ns_4ns_3_7_seq_1_79 |          4 |          4 |       0 |    0 |     4 |      0 |      0 |    0 |          0 |
|       riscv_soc_tick_urem_3ns_4ns_3_7_seq_1_divseq_u                      |                       riscv_soc_tick_urem_3ns_4ns_3_7_seq_1_divseq_106 |          3 |          3 |       0 |    0 |    10 |      0 |      0 |    0 |          0 |
|     urem_3ns_4ns_4_7_seq_1_U304                                           |                               riscv_soc_tick_urem_3ns_4ns_4_7_seq_1_80 |          6 |          6 |       0 |    0 |     9 |      0 |      0 |    0 |          0 |
|       (urem_3ns_4ns_4_7_seq_1_U304)                                       |                               riscv_soc_tick_urem_3ns_4ns_4_7_seq_1_80 |          3 |          3 |       0 |    0 |     3 |      0 |      0 |    0 |          0 |
|       riscv_soc_tick_urem_3ns_4ns_4_7_seq_1_divseq_u                      |                       riscv_soc_tick_urem_3ns_4ns_4_7_seq_1_divseq_105 |          3 |          3 |       0 |    0 |     6 |      0 |      0 |    0 |          0 |
|     urem_4ns_4ns_4_8_seq_1_U306                                           |                               riscv_soc_tick_urem_4ns_4ns_4_8_seq_1_81 |         13 |         12 |       0 |    1 |    16 |      0 |      0 |    0 |          0 |
|       (urem_4ns_4ns_4_8_seq_1_U306)                                       |                               riscv_soc_tick_urem_4ns_4ns_4_8_seq_1_81 |          6 |          6 |       0 |    0 |     5 |      0 |      0 |    0 |          0 |
|       riscv_soc_tick_urem_4ns_4ns_4_8_seq_1_divseq_u                      |                       riscv_soc_tick_urem_4ns_4ns_4_8_seq_1_divseq_104 |          7 |          6 |       0 |    1 |    11 |      0 |      0 |    0 |          0 |
|     urem_4ns_4ns_4_8_seq_1_U307                                           |                               riscv_soc_tick_urem_4ns_4ns_4_8_seq_1_82 |         14 |         13 |       0 |    1 |    16 |      0 |      0 |    0 |          0 |
|       (urem_4ns_4ns_4_8_seq_1_U307)                                       |                               riscv_soc_tick_urem_4ns_4ns_4_8_seq_1_82 |          7 |          7 |       0 |    0 |     5 |      0 |      0 |    0 |          0 |
|       riscv_soc_tick_urem_4ns_4ns_4_8_seq_1_divseq_u                      |                       riscv_soc_tick_urem_4ns_4ns_4_8_seq_1_divseq_103 |          7 |          6 |       0 |    1 |    11 |      0 |      0 |    0 |          0 |
|     urem_4ns_4ns_4_8_seq_1_U308                                           |                               riscv_soc_tick_urem_4ns_4ns_4_8_seq_1_83 |         15 |         14 |       0 |    1 |    16 |      0 |      0 |    0 |          0 |
|       (urem_4ns_4ns_4_8_seq_1_U308)                                       |                               riscv_soc_tick_urem_4ns_4ns_4_8_seq_1_83 |          8 |          8 |       0 |    0 |     5 |      0 |      0 |    0 |          0 |
|       riscv_soc_tick_urem_4ns_4ns_4_8_seq_1_divseq_u                      |                       riscv_soc_tick_urem_4ns_4ns_4_8_seq_1_divseq_102 |          7 |          6 |       0 |    1 |    11 |      0 |      0 |    0 |          0 |
|     urem_4ns_4ns_4_8_seq_1_U309                                           |                               riscv_soc_tick_urem_4ns_4ns_4_8_seq_1_84 |         15 |         14 |       0 |    1 |    16 |      0 |      0 |    0 |          0 |
|       (urem_4ns_4ns_4_8_seq_1_U309)                                       |                               riscv_soc_tick_urem_4ns_4ns_4_8_seq_1_84 |          8 |          8 |       0 |    0 |     5 |      0 |      0 |    0 |          0 |
|       riscv_soc_tick_urem_4ns_4ns_4_8_seq_1_divseq_u                      |                       riscv_soc_tick_urem_4ns_4ns_4_8_seq_1_divseq_101 |          7 |          6 |       0 |    1 |    11 |      0 |      0 |    0 |          0 |
|     urem_4s_4ns_4_8_seq_1_U310                                            |                                riscv_soc_tick_urem_4s_4ns_4_8_seq_1_85 |         15 |         14 |       0 |    1 |    16 |      0 |      0 |    0 |          0 |
|       (urem_4s_4ns_4_8_seq_1_U310)                                        |                                riscv_soc_tick_urem_4s_4ns_4_8_seq_1_85 |          8 |          8 |       0 |    0 |     5 |      0 |      0 |    0 |          0 |
|       riscv_soc_tick_urem_4s_4ns_4_8_seq_1_divseq_u                       |                        riscv_soc_tick_urem_4s_4ns_4_8_seq_1_divseq_100 |          7 |          6 |       0 |    1 |    11 |      0 |      0 |    0 |          0 |
|     urem_4s_4ns_4_8_seq_1_U311                                            |                                riscv_soc_tick_urem_4s_4ns_4_8_seq_1_86 |         15 |         14 |       0 |    1 |    16 |      0 |      0 |    0 |          0 |
|       (urem_4s_4ns_4_8_seq_1_U311)                                        |                                riscv_soc_tick_urem_4s_4ns_4_8_seq_1_86 |          8 |          8 |       0 |    0 |     5 |      0 |      0 |    0 |          0 |
|       riscv_soc_tick_urem_4s_4ns_4_8_seq_1_divseq_u                       |                         riscv_soc_tick_urem_4s_4ns_4_8_seq_1_divseq_99 |          7 |          6 |       0 |    1 |    11 |      0 |      0 |    0 |          0 |
|     urem_4s_4ns_4_8_seq_1_U312                                            |                                riscv_soc_tick_urem_4s_4ns_4_8_seq_1_87 |         15 |         14 |       0 |    1 |    16 |      0 |      0 |    0 |          0 |
|       (urem_4s_4ns_4_8_seq_1_U312)                                        |                                riscv_soc_tick_urem_4s_4ns_4_8_seq_1_87 |          8 |          8 |       0 |    0 |     5 |      0 |      0 |    0 |          0 |
|       riscv_soc_tick_urem_4s_4ns_4_8_seq_1_divseq_u                       |                         riscv_soc_tick_urem_4s_4ns_4_8_seq_1_divseq_98 |          7 |          6 |       0 |    1 |    11 |      0 |      0 |    0 |          0 |
|     urem_4s_4ns_4_8_seq_1_U313                                            |                                riscv_soc_tick_urem_4s_4ns_4_8_seq_1_88 |         15 |         14 |       0 |    1 |    16 |      0 |      0 |    0 |          0 |
|       (urem_4s_4ns_4_8_seq_1_U313)                                        |                                riscv_soc_tick_urem_4s_4ns_4_8_seq_1_88 |          8 |          8 |       0 |    0 |     5 |      0 |      0 |    0 |          0 |
|       riscv_soc_tick_urem_4s_4ns_4_8_seq_1_divseq_u                       |                         riscv_soc_tick_urem_4s_4ns_4_8_seq_1_divseq_97 |          7 |          6 |       0 |    1 |    11 |      0 |      0 |    0 |          0 |
|     urem_4s_4ns_4_8_seq_1_U314                                            |                                riscv_soc_tick_urem_4s_4ns_4_8_seq_1_89 |         15 |         14 |       0 |    1 |    16 |      0 |      0 |    0 |          0 |
|       (urem_4s_4ns_4_8_seq_1_U314)                                        |                                riscv_soc_tick_urem_4s_4ns_4_8_seq_1_89 |          8 |          8 |       0 |    0 |     5 |      0 |      0 |    0 |          0 |
|       riscv_soc_tick_urem_4s_4ns_4_8_seq_1_divseq_u                       |                         riscv_soc_tick_urem_4s_4ns_4_8_seq_1_divseq_96 |          7 |          6 |       0 |    1 |    11 |      0 |      0 |    0 |          0 |
|     urem_4s_4ns_4_8_seq_1_U315                                            |                                riscv_soc_tick_urem_4s_4ns_4_8_seq_1_90 |         15 |         14 |       0 |    1 |    16 |      0 |      0 |    0 |          0 |
|       (urem_4s_4ns_4_8_seq_1_U315)                                        |                                riscv_soc_tick_urem_4s_4ns_4_8_seq_1_90 |          8 |          8 |       0 |    0 |     5 |      0 |      0 |    0 |          0 |
|       riscv_soc_tick_urem_4s_4ns_4_8_seq_1_divseq_u                       |                         riscv_soc_tick_urem_4s_4ns_4_8_seq_1_divseq_95 |          7 |          6 |       0 |    1 |    11 |      0 |      0 |    0 |          0 |
|     urem_4s_4ns_4_8_seq_1_U316                                            |                                riscv_soc_tick_urem_4s_4ns_4_8_seq_1_91 |         15 |         14 |       0 |    1 |    16 |      0 |      0 |    0 |          0 |
|       (urem_4s_4ns_4_8_seq_1_U316)                                        |                                riscv_soc_tick_urem_4s_4ns_4_8_seq_1_91 |          8 |          8 |       0 |    0 |     5 |      0 |      0 |    0 |          0 |
|       riscv_soc_tick_urem_4s_4ns_4_8_seq_1_divseq_u                       |                         riscv_soc_tick_urem_4s_4ns_4_8_seq_1_divseq_94 |          7 |          6 |       0 |    1 |    11 |      0 |      0 |    0 |          0 |
|     urem_4s_4ns_4_8_seq_1_U317                                            |                                riscv_soc_tick_urem_4s_4ns_4_8_seq_1_92 |         21 |         20 |       0 |    1 |    16 |      0 |      0 |    0 |          0 |
|       (urem_4s_4ns_4_8_seq_1_U317)                                        |                                riscv_soc_tick_urem_4s_4ns_4_8_seq_1_92 |         14 |         14 |       0 |    0 |     5 |      0 |      0 |    0 |          0 |
|       riscv_soc_tick_urem_4s_4ns_4_8_seq_1_divseq_u                       |                         riscv_soc_tick_urem_4s_4ns_4_8_seq_1_divseq_93 |          7 |          6 |       0 |    1 |    11 |      0 |      0 |    0 |          0 |
|   grp_tage_fold_fu_7274                                                   |                                             riscv_soc_tick_tage_fold_4 |        205 |        180 |       0 |   25 |   340 |      0 |      0 |    0 |          0 |
|     (grp_tage_fold_fu_7274)                                               |                                             riscv_soc_tick_tage_fold_4 |         32 |         19 |       0 |   13 |   148 |      0 |      0 |    0 |          0 |
|     urem_1ns_4ns_2_5_seq_1_U305                                           |                                  riscv_soc_tick_urem_1ns_4ns_2_5_seq_1 |          1 |          1 |       0 |    0 |     5 |      0 |      0 |    0 |          0 |
|       (urem_1ns_4ns_2_5_seq_1_U305)                                       |                                  riscv_soc_tick_urem_1ns_4ns_2_5_seq_1 |          0 |          0 |       0 |    0 |     2 |      0 |      0 |    0 |          0 |
|       riscv_soc_tick_urem_1ns_4ns_2_5_seq_1_divseq_u                      |                           riscv_soc_tick_urem_1ns_4ns_2_5_seq_1_divseq |          1 |          1 |       0 |    0 |     3 |      0 |      0 |    0 |          0 |
|     urem_3ns_4ns_3_7_seq_1_U303                                           |                                  riscv_soc_tick_urem_3ns_4ns_3_7_seq_1 |          4 |          4 |       0 |    0 |    11 |      0 |      0 |    0 |          0 |
|       (urem_3ns_4ns_3_7_seq_1_U303)                                       |                                  riscv_soc_tick_urem_3ns_4ns_3_7_seq_1 |          4 |          4 |       0 |    0 |     4 |      0 |      0 |    0 |          0 |
|       riscv_soc_tick_urem_3ns_4ns_3_7_seq_1_divseq_u                      |                           riscv_soc_tick_urem_3ns_4ns_3_7_seq_1_divseq |          0 |          0 |       0 |    0 |     7 |      0 |      0 |    0 |          0 |
|     urem_3ns_4ns_4_7_seq_1_U304                                           |                                  riscv_soc_tick_urem_3ns_4ns_4_7_seq_1 |          5 |          5 |       0 |    0 |     8 |      0 |      0 |    0 |          0 |
|       (urem_3ns_4ns_4_7_seq_1_U304)                                       |                                  riscv_soc_tick_urem_3ns_4ns_4_7_seq_1 |          3 |          3 |       0 |    0 |     3 |      0 |      0 |    0 |          0 |
|       riscv_soc_tick_urem_3ns_4ns_4_7_seq_1_divseq_u                      |                           riscv_soc_tick_urem_3ns_4ns_4_7_seq_1_divseq |          2 |          2 |       0 |    0 |     5 |      0 |      0 |    0 |          0 |
|     urem_4ns_4ns_4_8_seq_1_U306                                           |                                  riscv_soc_tick_urem_4ns_4ns_4_8_seq_1 |         12 |         11 |       0 |    1 |    14 |      0 |      0 |    0 |          0 |
|       (urem_4ns_4ns_4_8_seq_1_U306)                                       |                                  riscv_soc_tick_urem_4ns_4ns_4_8_seq_1 |          6 |          6 |       0 |    0 |     4 |      0 |      0 |    0 |          0 |
|       riscv_soc_tick_urem_4ns_4ns_4_8_seq_1_divseq_u                      |                        riscv_soc_tick_urem_4ns_4ns_4_8_seq_1_divseq_77 |          6 |          5 |       0 |    1 |    10 |      0 |      0 |    0 |          0 |
|     urem_4ns_4ns_4_8_seq_1_U307                                           |                               riscv_soc_tick_urem_4ns_4ns_4_8_seq_1_58 |         13 |         12 |       0 |    1 |    14 |      0 |      0 |    0 |          0 |
|       (urem_4ns_4ns_4_8_seq_1_U307)                                       |                               riscv_soc_tick_urem_4ns_4ns_4_8_seq_1_58 |          7 |          7 |       0 |    0 |     4 |      0 |      0 |    0 |          0 |
|       riscv_soc_tick_urem_4ns_4ns_4_8_seq_1_divseq_u                      |                        riscv_soc_tick_urem_4ns_4ns_4_8_seq_1_divseq_76 |          6 |          5 |       0 |    1 |    10 |      0 |      0 |    0 |          0 |
|     urem_4ns_4ns_4_8_seq_1_U308                                           |                               riscv_soc_tick_urem_4ns_4ns_4_8_seq_1_59 |         14 |         13 |       0 |    1 |    14 |      0 |      0 |    0 |          0 |
|       (urem_4ns_4ns_4_8_seq_1_U308)                                       |                               riscv_soc_tick_urem_4ns_4ns_4_8_seq_1_59 |          8 |          8 |       0 |    0 |     4 |      0 |      0 |    0 |          0 |
|       riscv_soc_tick_urem_4ns_4ns_4_8_seq_1_divseq_u                      |                        riscv_soc_tick_urem_4ns_4ns_4_8_seq_1_divseq_75 |          6 |          5 |       0 |    1 |    10 |      0 |      0 |    0 |          0 |
|     urem_4ns_4ns_4_8_seq_1_U309                                           |                               riscv_soc_tick_urem_4ns_4ns_4_8_seq_1_60 |         14 |         13 |       0 |    1 |    14 |      0 |      0 |    0 |          0 |
|       (urem_4ns_4ns_4_8_seq_1_U309)                                       |                               riscv_soc_tick_urem_4ns_4ns_4_8_seq_1_60 |          8 |          8 |       0 |    0 |     4 |      0 |      0 |    0 |          0 |
|       riscv_soc_tick_urem_4ns_4ns_4_8_seq_1_divseq_u                      |                           riscv_soc_tick_urem_4ns_4ns_4_8_seq_1_divseq |          6 |          5 |       0 |    1 |    10 |      0 |      0 |    0 |          0 |
|     urem_4s_4ns_4_8_seq_1_U310                                            |                                   riscv_soc_tick_urem_4s_4ns_4_8_seq_1 |         14 |         13 |       0 |    1 |    14 |      0 |      0 |    0 |          0 |
|       (urem_4s_4ns_4_8_seq_1_U310)                                        |                                   riscv_soc_tick_urem_4s_4ns_4_8_seq_1 |          8 |          8 |       0 |    0 |     4 |      0 |      0 |    0 |          0 |
|       riscv_soc_tick_urem_4s_4ns_4_8_seq_1_divseq_u                       |                         riscv_soc_tick_urem_4s_4ns_4_8_seq_1_divseq_74 |          6 |          5 |       0 |    1 |    10 |      0 |      0 |    0 |          0 |
|     urem_4s_4ns_4_8_seq_1_U311                                            |                                riscv_soc_tick_urem_4s_4ns_4_8_seq_1_61 |         14 |         13 |       0 |    1 |    14 |      0 |      0 |    0 |          0 |
|       (urem_4s_4ns_4_8_seq_1_U311)                                        |                                riscv_soc_tick_urem_4s_4ns_4_8_seq_1_61 |          8 |          8 |       0 |    0 |     4 |      0 |      0 |    0 |          0 |
|       riscv_soc_tick_urem_4s_4ns_4_8_seq_1_divseq_u                       |                         riscv_soc_tick_urem_4s_4ns_4_8_seq_1_divseq_73 |          6 |          5 |       0 |    1 |    10 |      0 |      0 |    0 |          0 |
|     urem_4s_4ns_4_8_seq_1_U312                                            |                                riscv_soc_tick_urem_4s_4ns_4_8_seq_1_62 |         14 |         13 |       0 |    1 |    14 |      0 |      0 |    0 |          0 |
|       (urem_4s_4ns_4_8_seq_1_U312)                                        |                                riscv_soc_tick_urem_4s_4ns_4_8_seq_1_62 |          8 |          8 |       0 |    0 |     4 |      0 |      0 |    0 |          0 |
|       riscv_soc_tick_urem_4s_4ns_4_8_seq_1_divseq_u                       |                         riscv_soc_tick_urem_4s_4ns_4_8_seq_1_divseq_72 |          6 |          5 |       0 |    1 |    10 |      0 |      0 |    0 |          0 |
|     urem_4s_4ns_4_8_seq_1_U313                                            |                                riscv_soc_tick_urem_4s_4ns_4_8_seq_1_63 |         14 |         13 |       0 |    1 |    14 |      0 |      0 |    0 |          0 |
|       (urem_4s_4ns_4_8_seq_1_U313)                                        |                                riscv_soc_tick_urem_4s_4ns_4_8_seq_1_63 |          8 |          8 |       0 |    0 |     4 |      0 |      0 |    0 |          0 |
|       riscv_soc_tick_urem_4s_4ns_4_8_seq_1_divseq_u                       |                         riscv_soc_tick_urem_4s_4ns_4_8_seq_1_divseq_71 |          6 |          5 |       0 |    1 |    10 |      0 |      0 |    0 |          0 |
|     urem_4s_4ns_4_8_seq_1_U314                                            |                                riscv_soc_tick_urem_4s_4ns_4_8_seq_1_64 |         14 |         13 |       0 |    1 |    14 |      0 |      0 |    0 |          0 |
|       (urem_4s_4ns_4_8_seq_1_U314)                                        |                                riscv_soc_tick_urem_4s_4ns_4_8_seq_1_64 |          8 |          8 |       0 |    0 |     4 |      0 |      0 |    0 |          0 |
|       riscv_soc_tick_urem_4s_4ns_4_8_seq_1_divseq_u                       |                         riscv_soc_tick_urem_4s_4ns_4_8_seq_1_divseq_70 |          6 |          5 |       0 |    1 |    10 |      0 |      0 |    0 |          0 |
|     urem_4s_4ns_4_8_seq_1_U315                                            |                                riscv_soc_tick_urem_4s_4ns_4_8_seq_1_65 |         14 |         13 |       0 |    1 |    14 |      0 |      0 |    0 |          0 |
|       (urem_4s_4ns_4_8_seq_1_U315)                                        |                                riscv_soc_tick_urem_4s_4ns_4_8_seq_1_65 |          8 |          8 |       0 |    0 |     4 |      0 |      0 |    0 |          0 |
|       riscv_soc_tick_urem_4s_4ns_4_8_seq_1_divseq_u                       |                         riscv_soc_tick_urem_4s_4ns_4_8_seq_1_divseq_69 |          6 |          5 |       0 |    1 |    10 |      0 |      0 |    0 |          0 |
|     urem_4s_4ns_4_8_seq_1_U316                                            |                                riscv_soc_tick_urem_4s_4ns_4_8_seq_1_66 |         14 |         13 |       0 |    1 |    14 |      0 |      0 |    0 |          0 |
|       (urem_4s_4ns_4_8_seq_1_U316)                                        |                                riscv_soc_tick_urem_4s_4ns_4_8_seq_1_66 |          8 |          8 |       0 |    0 |     4 |      0 |      0 |    0 |          0 |
|       riscv_soc_tick_urem_4s_4ns_4_8_seq_1_divseq_u                       |                         riscv_soc_tick_urem_4s_4ns_4_8_seq_1_divseq_68 |          6 |          5 |       0 |    1 |    10 |      0 |      0 |    0 |          0 |
|     urem_4s_4ns_4_8_seq_1_U317                                            |                                riscv_soc_tick_urem_4s_4ns_4_8_seq_1_67 |         12 |         11 |       0 |    1 |    14 |      0 |      0 |    0 |          0 |
|       (urem_4s_4ns_4_8_seq_1_U317)                                        |                                riscv_soc_tick_urem_4s_4ns_4_8_seq_1_67 |          8 |          8 |       0 |    0 |     4 |      0 |      0 |    0 |          0 |
|       riscv_soc_tick_urem_4s_4ns_4_8_seq_1_divseq_u                       |                            riscv_soc_tick_urem_4s_4ns_4_8_seq_1_divseq |          4 |          3 |       0 |    1 |    10 |      0 |      0 |    0 |          0 |
|   grp_tage_update_fu_7612                                                 |                                             riscv_soc_tick_tage_update |        157 |        157 |       0 |    0 |   105 |      0 |      0 |    0 |          0 |
|   grp_vec_arith_compute_fu_7156                                           |                                       riscv_soc_tick_vec_arith_compute |       9963 |       9931 |      16 |   16 |  5616 |      0 |      0 |    0 |         18 |
|     (grp_vec_arith_compute_fu_7156)                                       |                                       riscv_soc_tick_vec_arith_compute |       2008 |       2001 |       0 |    7 |  3415 |      0 |      0 |    0 |          0 |
|     grp_vec_alu_fu_1206                                                   |                                                 riscv_soc_tick_vec_alu |       3028 |       3024 |       0 |    4 |  1071 |      0 |      0 |    0 |         15 |
|       (grp_vec_alu_fu_1206)                                               |                                                 riscv_soc_tick_vec_alu |       1380 |       1380 |       0 |    0 |   303 |      0 |      0 |    0 |          0 |
|       mul_32ns_32ns_64_1_1_U219                                           |                                 riscv_soc_tick_mul_32ns_32ns_64_1_1_47 |        119 |        119 |       0 |    0 |     0 |      0 |      0 |    0 |          4 |
|       mul_32s_32ns_64_1_1_U220                                            |                                     riscv_soc_tick_mul_32s_32ns_64_1_1 |        167 |        167 |       0 |    0 |     0 |      0 |      0 |    0 |          4 |
|       mul_32s_32s_32_1_1_U221                                             |                                   riscv_soc_tick_mul_32s_32s_32_1_1_48 |         26 |         26 |       0 |    0 |     0 |      0 |      0 |    0 |          3 |
|       mul_32s_32s_64_1_1_U222                                             |                                   riscv_soc_tick_mul_32s_32s_64_1_1_49 |        181 |        181 |       0 |    0 |     0 |      0 |      0 |    0 |          4 |
|       sdiv_32s_32s_32_36_seq_1_U227                                       |                             riscv_soc_tick_sdiv_32s_32s_32_36_seq_1_50 |        309 |        308 |       0 |    1 |   197 |      0 |      0 |    0 |          0 |
|         (sdiv_32s_32s_32_36_seq_1_U227)                                   |                             riscv_soc_tick_sdiv_32s_32s_32_36_seq_1_50 |        148 |        148 |       0 |    0 |    66 |      0 |      0 |    0 |          0 |
|         riscv_soc_tick_sdiv_32s_32s_32_36_seq_1_divseq_u                  |                      riscv_soc_tick_sdiv_32s_32s_32_36_seq_1_divseq_57 |        161 |        160 |       0 |    1 |   131 |      0 |      0 |    0 |          0 |
|       srem_32s_32s_32_36_seq_1_U225                                       |                             riscv_soc_tick_srem_32s_32s_32_36_seq_1_51 |        367 |        366 |       0 |    1 |   188 |      0 |      0 |    0 |          0 |
|         (srem_32s_32s_32_36_seq_1_U225)                                   |                             riscv_soc_tick_srem_32s_32s_32_36_seq_1_51 |        220 |        220 |       0 |    0 |    56 |      0 |      0 |    0 |          0 |
|         riscv_soc_tick_srem_32s_32s_32_36_seq_1_divseq_u                  |                      riscv_soc_tick_srem_32s_32s_32_36_seq_1_divseq_56 |        147 |        146 |       0 |    1 |   132 |      0 |      0 |    0 |          0 |
|       udiv_32s_32s_32_36_seq_1_U228                                       |                             riscv_soc_tick_udiv_32s_32s_32_36_seq_1_52 |        144 |        143 |       0 |    1 |   163 |      0 |      0 |    0 |          0 |
|         (udiv_32s_32s_32_36_seq_1_U228)                                   |                             riscv_soc_tick_udiv_32s_32s_32_36_seq_1_52 |         62 |         62 |       0 |    0 |    33 |      0 |      0 |    0 |          0 |
|         riscv_soc_tick_udiv_32s_32s_32_36_seq_1_divseq_u                  |                      riscv_soc_tick_udiv_32s_32s_32_36_seq_1_divseq_55 |         82 |         81 |       0 |    1 |   130 |      0 |      0 |    0 |          0 |
|       urem_32s_32s_32_36_seq_1_U226                                       |                             riscv_soc_tick_urem_32s_32s_32_36_seq_1_53 |        345 |        344 |       0 |    1 |   220 |      0 |      0 |    0 |          0 |
|         (urem_32s_32s_32_36_seq_1_U226)                                   |                             riscv_soc_tick_urem_32s_32s_32_36_seq_1_53 |        263 |        263 |       0 |    0 |    89 |      0 |      0 |    0 |          0 |
|         riscv_soc_tick_urem_32s_32s_32_36_seq_1_divseq_u                  |                      riscv_soc_tick_urem_32s_32s_32_36_seq_1_divseq_54 |         82 |         81 |       0 |    1 |   131 |      0 |      0 |    0 |          0 |
|     grp_vec_arith_compute_Pipeline_VITIS_LOOP_344_4_fu_921                |             riscv_soc_tick_vec_arith_compute_Pipeline_VITIS_LOOP_344_4 |        168 |        168 |       0 |    0 |   123 |      0 |      0 |    0 |          0 |
|       (grp_vec_arith_compute_Pipeline_VITIS_LOOP_344_4_fu_921)            |             riscv_soc_tick_vec_arith_compute_Pipeline_VITIS_LOOP_344_4 |         37 |         37 |       0 |    0 |    61 |      0 |      0 |    0 |          0 |
|       flow_control_loop_pipe_sequential_init_U                            |               riscv_soc_tick_flow_control_loop_pipe_sequential_init_43 |         14 |         14 |       0 |    0 |     2 |      0 |      0 |    0 |          0 |
|       grp_vec_elem_active_fu_88                                           |                                      riscv_soc_tick_vec_elem_active_44 |          0 |          0 |       0 |    0 |     4 |      0 |      0 |    0 |          0 |
|       grp_vmask_get_fu_107                                                |                                            riscv_soc_tick_vmask_get_45 |          0 |          0 |       0 |    0 |     4 |      0 |      0 |    0 |          0 |
|       grp_vreg_set_fu_97                                                  |                                             riscv_soc_tick_vreg_set_46 |        118 |        118 |       0 |    0 |    52 |      0 |      0 |    0 |          0 |
|     grp_vec_arith_compute_Pipeline_VITIS_LOOP_361_5_fu_1016               |             riscv_soc_tick_vec_arith_compute_Pipeline_VITIS_LOOP_361_5 |        402 |        402 |       0 |    0 |    62 |      0 |      0 |    0 |          0 |
|       (grp_vec_arith_compute_Pipeline_VITIS_LOOP_361_5_fu_1016)           |             riscv_soc_tick_vec_arith_compute_Pipeline_VITIS_LOOP_361_5 |        186 |        186 |       0 |    0 |    52 |      0 |      0 |    0 |          0 |
|       flow_control_loop_pipe_sequential_init_U                            |               riscv_soc_tick_flow_control_loop_pipe_sequential_init_40 |         56 |         56 |       0 |    0 |     2 |      0 |      0 |    0 |          0 |
|       grp_vec_elem_active_fu_161                                          |                                      riscv_soc_tick_vec_elem_active_41 |          0 |          0 |       0 |    0 |     4 |      0 |      0 |    0 |          0 |
|       grp_vreg_get_fu_170                                                 |                                             riscv_soc_tick_vreg_get_42 |        160 |        160 |       0 |    0 |     4 |      0 |      0 |    0 |          0 |
|     grp_vec_arith_compute_Pipeline_VITIS_LOOP_390_6_fu_934                |             riscv_soc_tick_vec_arith_compute_Pipeline_VITIS_LOOP_390_6 |         73 |         73 |       0 |    0 |    25 |      0 |      0 |    0 |          0 |
|       (grp_vec_arith_compute_Pipeline_VITIS_LOOP_390_6_fu_934)            |             riscv_soc_tick_vec_arith_compute_Pipeline_VITIS_LOOP_390_6 |         24 |         24 |       0 |    0 |    21 |      0 |      0 |    0 |          0 |
|       flow_control_loop_pipe_sequential_init_U                            |               riscv_soc_tick_flow_control_loop_pipe_sequential_init_38 |         16 |         16 |       0 |    0 |     2 |      0 |      0 |    0 |          0 |
|       grp_vreg_get_fu_91                                                  |                                             riscv_soc_tick_vreg_get_39 |         33 |         33 |       0 |    0 |     2 |      0 |      0 |    0 |          0 |
|     grp_vec_arith_compute_Pipeline_VITIS_LOOP_398_7_fu_963                |             riscv_soc_tick_vec_arith_compute_Pipeline_VITIS_LOOP_398_7 |        232 |        232 |       0 |    0 |   144 |      0 |      0 |    0 |          0 |
|       (grp_vec_arith_compute_Pipeline_VITIS_LOOP_398_7_fu_963)            |             riscv_soc_tick_vec_arith_compute_Pipeline_VITIS_LOOP_398_7 |         12 |         12 |       0 |    0 |    82 |      0 |      0 |    0 |          0 |
|       flow_control_loop_pipe_sequential_init_U                            |               riscv_soc_tick_flow_control_loop_pipe_sequential_init_34 |         18 |         18 |       0 |    0 |     2 |      0 |      0 |    0 |          0 |
|       grp_vmask_get_fu_103                                                |                                            riscv_soc_tick_vmask_get_35 |          0 |          0 |       0 |    0 |     4 |      0 |      0 |    0 |          0 |
|       grp_vreg_set_fu_111                                                 |                                             riscv_soc_tick_vreg_set_36 |        202 |        202 |       0 |    0 |    56 |      0 |      0 |    0 |          0 |
|         (grp_vreg_set_fu_111)                                             |                                             riscv_soc_tick_vreg_set_36 |        113 |        113 |       0 |    0 |    56 |      0 |      0 |    0 |          0 |
|         mul_3ns_29s_29_1_1_U149                                           |                                   riscv_soc_tick_mul_3ns_29s_29_1_1_37 |         89 |         89 |       0 |    0 |     0 |      0 |      0 |    0 |          0 |
|     grp_vec_arith_compute_Pipeline_VITIS_LOOP_405_8_fu_944                |             riscv_soc_tick_vec_arith_compute_Pipeline_VITIS_LOOP_405_8 |        279 |        279 |       0 |    0 |   175 |      0 |      0 |    0 |          0 |
|       (grp_vec_arith_compute_Pipeline_VITIS_LOOP_405_8_fu_944)            |             riscv_soc_tick_vec_arith_compute_Pipeline_VITIS_LOOP_405_8 |        119 |        119 |       0 |    0 |   111 |      0 |      0 |    0 |          0 |
|       flow_control_loop_pipe_sequential_init_U                            |               riscv_soc_tick_flow_control_loop_pipe_sequential_init_29 |         12 |         12 |       0 |    0 |     2 |      0 |      0 |    0 |          0 |
|       grp_vec_elem_active_fu_236                                          |                                      riscv_soc_tick_vec_elem_active_30 |          0 |          0 |       0 |    0 |     4 |      0 |      0 |    0 |          0 |
|       grp_vreg_get_fu_245                                                 |                                             riscv_soc_tick_vreg_get_31 |         50 |         50 |       0 |    0 |     3 |      0 |      0 |    0 |          0 |
|       grp_vreg_set_fu_255                                                 |                                             riscv_soc_tick_vreg_set_32 |        100 |        100 |       0 |    0 |    55 |      0 |      0 |    0 |          0 |
|         (grp_vreg_set_fu_255)                                             |                                             riscv_soc_tick_vreg_set_32 |        100 |        100 |       0 |    0 |    55 |      0 |      0 |    0 |          0 |
|         mul_3ns_29s_29_1_1_U149                                           |                                   riscv_soc_tick_mul_3ns_29s_29_1_1_33 |          0 |          0 |       0 |    0 |     0 |      0 |      0 |    0 |          0 |
|     grp_vec_arith_compute_Pipeline_VITIS_LOOP_438_9_fu_909                |             riscv_soc_tick_vec_arith_compute_Pipeline_VITIS_LOOP_438_9 |         47 |         47 |       0 |    0 |    74 |      0 |      0 |    0 |          0 |
|       (grp_vec_arith_compute_Pipeline_VITIS_LOOP_438_9_fu_909)            |             riscv_soc_tick_vec_arith_compute_Pipeline_VITIS_LOOP_438_9 |         28 |         28 |       0 |    0 |    64 |      0 |      0 |    0 |          0 |
|       flow_control_loop_pipe_sequential_init_U                            |                  riscv_soc_tick_flow_control_loop_pipe_sequential_init |         19 |         19 |       0 |    0 |     2 |      0 |      0 |    0 |          0 |
|       grp_vec_elem_active_fu_86                                           |                                      riscv_soc_tick_vec_elem_active_27 |          0 |          0 |       0 |    0 |     4 |      0 |      0 |    0 |          0 |
|       grp_vmask_get_fu_95                                                 |                                            riscv_soc_tick_vmask_get_28 |          0 |          0 |       0 |    0 |     4 |      0 |      0 |    0 |          0 |
|     grp_vec_elem_active_fu_1131                                           |                                         riscv_soc_tick_vec_elem_active |         15 |         15 |       0 |    0 |     4 |      0 |      0 |    0 |          0 |
|     grp_vec_narrow_alu_fu_1256                                            |                                          riscv_soc_tick_vec_narrow_alu |        955 |        955 |       0 |    0 |    99 |      0 |      0 |    0 |          0 |
|     grp_vec_wide_alu_fu_1280                                              |                                            riscv_soc_tick_vec_wide_alu |        750 |        750 |       0 |    0 |     0 |      0 |      0 |    0 |          3 |
|       mul_32s_32s_32_1_1_U262                                             |                                      riscv_soc_tick_mul_32s_32s_32_1_1 |        750 |        750 |       0 |    0 |     0 |      0 |      0 |    0 |          3 |
|     grp_vmask_get_fu_1073                                                 |                                               riscv_soc_tick_vmask_get |         26 |         26 |       0 |    0 |     4 |      0 |      0 |    0 |          0 |
|     grp_vmask_set_fu_1106                                                 |                                               riscv_soc_tick_vmask_set |        103 |        103 |       0 |    0 |     7 |      0 |      0 |    0 |          0 |
|     grp_vreg_get_1_fu_1156                                                |                                              riscv_soc_tick_vreg_get_1 |        439 |        439 |       0 |    0 |    38 |      0 |      0 |    0 |          0 |
|     grp_vreg_get_fu_975                                                   |                                                riscv_soc_tick_vreg_get |        425 |        425 |       0 |    0 |     4 |      0 |      0 |    0 |          0 |
|     grp_vreg_get_pair_fu_1231                                             |                                           riscv_soc_tick_vreg_get_pair |        309 |        307 |       0 |    2 |   135 |      0 |      0 |    0 |          0 |
|       (grp_vreg_get_pair_fu_1231)                                         |                                           riscv_soc_tick_vreg_get_pair |        231 |        231 |       0 |    0 |    54 |      0 |      0 |    0 |          0 |
|       udiv_4ns_8ns_5_8_seq_1_U244                                         |                               riscv_soc_tick_udiv_4ns_8ns_5_8_seq_1_21 |         45 |         45 |       0 |    0 |    36 |      0 |      0 |    0 |          0 |
|         (udiv_4ns_8ns_5_8_seq_1_U244)                                     |                               riscv_soc_tick_udiv_4ns_8ns_5_8_seq_1_21 |         31 |         31 |       0 |    0 |    17 |      0 |      0 |    0 |          0 |
|         riscv_soc_tick_udiv_4ns_8ns_5_8_seq_1_divseq_u                    |                        riscv_soc_tick_udiv_4ns_8ns_5_8_seq_1_divseq_26 |         14 |         14 |       0 |    0 |    19 |      0 |      0 |    0 |          0 |
|       udiv_8s_7ns_8_12_seq_1_U243                                         |                               riscv_soc_tick_udiv_8s_7ns_8_12_seq_1_22 |         12 |         11 |       0 |    1 |    30 |      0 |      0 |    0 |          0 |
|         (udiv_8s_7ns_8_12_seq_1_U243)                                     |                               riscv_soc_tick_udiv_8s_7ns_8_12_seq_1_22 |          1 |          1 |       0 |    0 |     9 |      0 |      0 |    0 |          0 |
|         riscv_soc_tick_udiv_8s_7ns_8_12_seq_1_divseq_u                    |                        riscv_soc_tick_udiv_8s_7ns_8_12_seq_1_divseq_25 |         11 |         10 |       0 |    1 |    21 |      0 |      0 |    0 |          0 |
|       urem_4ns_8ns_8_8_seq_1_U245                                         |                               riscv_soc_tick_urem_4ns_8ns_8_8_seq_1_23 |         21 |         20 |       0 |    1 |    15 |      0 |      0 |    0 |          0 |
|         (urem_4ns_8ns_8_8_seq_1_U245)                                     |                               riscv_soc_tick_urem_4ns_8ns_8_8_seq_1_23 |         17 |         17 |       0 |    0 |     4 |      0 |      0 |    0 |          0 |
|         riscv_soc_tick_urem_4ns_8ns_8_8_seq_1_divseq_u                    |                        riscv_soc_tick_urem_4ns_8ns_8_8_seq_1_divseq_24 |          4 |          3 |       0 |    1 |    11 |      0 |      0 |    0 |          0 |
|     grp_vreg_set_fu_1031                                                  |                                                riscv_soc_tick_vreg_set |        411 |        411 |       0 |    0 |    55 |      0 |      0 |    0 |          0 |
|       (grp_vreg_set_fu_1031)                                              |                                                riscv_soc_tick_vreg_set |        411 |        411 |       0 |    0 |    55 |      0 |      0 |    0 |          0 |
|       mul_3ns_29s_29_1_1_U149                                             |                                      riscv_soc_tick_mul_3ns_29s_29_1_1 |          0 |          0 |       0 |    0 |     0 |      0 |      0 |    0 |          0 |
|     grp_vreg_set_pair_fu_1321                                             |                                           riscv_soc_tick_vreg_set_pair |        264 |        262 |       0 |    2 |   116 |      0 |      0 |    0 |          0 |
|       (grp_vreg_set_pair_fu_1321)                                         |                                           riscv_soc_tick_vreg_set_pair |        177 |        177 |       0 |    0 |    32 |      0 |      0 |    0 |          0 |
|       udiv_4ns_8ns_5_8_seq_1_U271                                         |                                  riscv_soc_tick_udiv_4ns_8ns_5_8_seq_1 |         42 |         42 |       0 |    0 |    36 |      0 |      0 |    0 |          0 |
|         (udiv_4ns_8ns_5_8_seq_1_U271)                                     |                                  riscv_soc_tick_udiv_4ns_8ns_5_8_seq_1 |         28 |         28 |       0 |    0 |    17 |      0 |      0 |    0 |          0 |
|         riscv_soc_tick_udiv_4ns_8ns_5_8_seq_1_divseq_u                    |                           riscv_soc_tick_udiv_4ns_8ns_5_8_seq_1_divseq |         14 |         14 |       0 |    0 |    19 |      0 |      0 |    0 |          0 |
|       udiv_8s_7ns_8_12_seq_1_U270                                         |                                  riscv_soc_tick_udiv_8s_7ns_8_12_seq_1 |         12 |         11 |       0 |    1 |    33 |      0 |      0 |    0 |          0 |
|         (udiv_8s_7ns_8_12_seq_1_U270)                                     |                                  riscv_soc_tick_udiv_8s_7ns_8_12_seq_1 |          1 |          1 |       0 |    0 |    12 |      0 |      0 |    0 |          0 |
|         riscv_soc_tick_udiv_8s_7ns_8_12_seq_1_divseq_u                    |                           riscv_soc_tick_udiv_8s_7ns_8_12_seq_1_divseq |         11 |         10 |       0 |    1 |    21 |      0 |      0 |    0 |          0 |
|       urem_4ns_8ns_8_8_seq_1_U272                                         |                                  riscv_soc_tick_urem_4ns_8ns_8_8_seq_1 |         33 |         32 |       0 |    1 |    15 |      0 |      0 |    0 |          0 |
|         (urem_4ns_8ns_8_8_seq_1_U272)                                     |                                  riscv_soc_tick_urem_4ns_8ns_8_8_seq_1 |         29 |         29 |       0 |    0 |     4 |      0 |      0 |    0 |          0 |
|         riscv_soc_tick_urem_4ns_8ns_8_8_seq_1_divseq_u                    |                           riscv_soc_tick_urem_4ns_8ns_8_8_seq_1_divseq |          4 |          3 |       0 |    1 |    11 |      0 |      0 |    0 |          0 |
|     src_U                                                                 |                     riscv_soc_tick_vec_arith_compute_src_RAM_AUTO_1R1W |         31 |         15 |      16 |    0 |    32 |      0 |      0 |    0 |          0 |
|     udiv_8s_6ns_8_12_seq_1_U279                                           |                                  riscv_soc_tick_udiv_8s_6ns_8_12_seq_1 |          9 |          8 |       0 |    1 |    33 |      0 |      0 |    0 |          0 |
|       (udiv_8s_6ns_8_12_seq_1_U279)                                       |                                  riscv_soc_tick_udiv_8s_6ns_8_12_seq_1 |          1 |          1 |       0 |    0 |    12 |      0 |      0 |    0 |          0 |
|       riscv_soc_tick_udiv_8s_6ns_8_12_seq_1_divseq_u                      |                           riscv_soc_tick_udiv_8s_6ns_8_12_seq_1_divseq |          8 |          7 |       0 |    1 |    21 |      0 |      0 |    0 |          0 |
|   mac_muladd_3ns_3ns_16ns_16_4_1_U558                                     |                          riscv_soc_tick_mac_muladd_3ns_3ns_16ns_16_4_1 |         32 |         32 |       0 |    0 |     0 |      0 |      0 |    0 |          1 |
|     riscv_soc_tick_mac_muladd_3ns_3ns_16ns_16_4_1_DSP48_0_U               |                  riscv_soc_tick_mac_muladd_3ns_3ns_16ns_16_4_1_DSP48_0 |         32 |         32 |       0 |    0 |     0 |      0 |      0 |    0 |          1 |
|   mac_muladd_4ns_3ns_32ns_32_4_1_U556                                     |                          riscv_soc_tick_mac_muladd_4ns_3ns_32ns_32_4_1 |         54 |         54 |       0 |    0 |     0 |      0 |      0 |    0 |          1 |
|     riscv_soc_tick_mac_muladd_4ns_3ns_32ns_32_4_1_DSP48_0_U               |               riscv_soc_tick_mac_muladd_4ns_3ns_32ns_32_4_1_DSP48_0_20 |         54 |         54 |       0 |    0 |     0 |      0 |      0 |    0 |          1 |
|   mac_muladd_4ns_3ns_32ns_32_4_1_U557                                     |                        riscv_soc_tick_mac_muladd_4ns_3ns_32ns_32_4_1_5 |          5 |          5 |       0 |    0 |     0 |      0 |      0 |    0 |          1 |
|     riscv_soc_tick_mac_muladd_4ns_3ns_32ns_32_4_1_DSP48_0_U               |                  riscv_soc_tick_mac_muladd_4ns_3ns_32ns_32_4_1_DSP48_0 |          5 |          5 |       0 |    0 |     0 |      0 |      0 |    0 |          1 |
|   mul_16s_5ns_16_1_1_U548                                                 |                                      riscv_soc_tick_mul_16s_5ns_16_1_1 |         19 |         19 |       0 |    0 |     0 |      0 |      0 |    0 |          1 |
|   mul_32ns_32ns_64_1_1_U509                                               |                                    riscv_soc_tick_mul_32ns_32ns_64_1_1 |        200 |        200 |       0 |    0 |     0 |      0 |      0 |    0 |          4 |
|   mul_32ns_32s_64_1_1_U510                                                |                                     riscv_soc_tick_mul_32ns_32s_64_1_1 |         47 |         47 |       0 |    0 |     0 |      0 |      0 |    0 |          4 |
|   mul_32s_32s_64_1_1_U512                                                 |                                      riscv_soc_tick_mul_32s_32s_64_1_1 |        169 |        169 |       0 |    0 |     0 |      0 |      0 |    0 |          4 |
|   rat_has_tag_U                                                           |                             riscv_soc_tick_rat_has_tag_RAM_AUTO_1R1W_6 |          9 |          9 |       0 |    0 |     0 |      0 |      1 |    0 |          0 |
|   rat_tag_U                                                               |                                riscv_soc_tick_frat_tag_RAM_AUTO_1R1W_7 |         25 |         25 |       0 |    0 |     0 |      0 |      1 |    0 |          0 |
|   regfile_U                                                               |                                   riscv_soc_tick_fregs_RAM_AUTO_1R1W_8 |         23 |         23 |       0 |    0 |     0 |      1 |      0 |    0 |          0 |
|   rob_addr_U                                                              |                                  riscv_soc_tick_rob_addr_RAM_AUTO_1R1W |         75 |         75 |       0 |    0 |     0 |      1 |      0 |    0 |          0 |
|   rob_br_mispred_U                                                        |                             riscv_soc_tick_rob_is_branch_RAM_AUTO_1R1W |         15 |         14 |       1 |    0 |     1 |      0 |      0 |    0 |          0 |
|   rob_br_taken_real_U                                                     |                           riscv_soc_tick_rob_is_branch_RAM_AUTO_1R1W_9 |         67 |         66 |       1 |    0 |     1 |      0 |      0 |    0 |          0 |
|   rob_br_target_U                                                         |                                    riscv_soc_tick_rob_pc_RAM_AUTO_1R1W |         19 |          3 |      16 |    0 |    32 |      0 |      0 |    0 |          0 |
|   rob_cause_U                                                             |                                 riscv_soc_tick_rob_cause_RAM_AUTO_1R1W |         33 |         31 |       2 |    0 |     4 |      0 |      0 |    0 |          0 |
|   rob_dest_U                                                              |                                  riscv_soc_tick_rob_dest_RAM_AUTO_1R1W |         96 |         96 |       0 |    0 |     0 |      0 |      1 |    0 |          0 |
|   rob_dest_is_fp_U                                                        |                                 riscv_soc_tick_rob_valid_RAM_AUTO_1R1W |         22 |         22 |       0 |    0 |     0 |      0 |      1 |    0 |          0 |
|   rob_ghr_snap_U                                                          |                              riscv_soc_tick_rob_ghr_snap_RAM_AUTO_1R1W |         27 |         19 |       8 |    0 |    16 |      0 |      0 |    0 |          0 |
|   rob_is_branch_U                                                         |                          riscv_soc_tick_rob_is_branch_RAM_AUTO_1R1W_10 |          8 |          7 |       1 |    0 |     1 |      0 |      0 |    0 |          0 |
|   rob_is_mret_U                                                           |                          riscv_soc_tick_rob_is_branch_RAM_AUTO_1R1W_11 |         36 |         35 |       1 |    0 |     1 |      0 |      0 |    0 |          0 |
|   rob_is_store_U                                                          |                              riscv_soc_tick_rob_valid_RAM_AUTO_1R1W_12 |         13 |         13 |       0 |    0 |     0 |      0 |      1 |    0 |          0 |
|   rob_mem_f3_U                                                            |                                riscv_soc_tick_rob_mem_f3_RAM_AUTO_1R1W |        103 |        103 |       0 |    0 |     0 |      0 |      1 |    0 |          0 |
|   rob_pc_U                                                                |                                 riscv_soc_tick_rob_pc_RAM_AUTO_1R1W_13 |         99 |         83 |      16 |    0 |    32 |      0 |      0 |    0 |          0 |
|   rob_pred_taken_U                                                        |                          riscv_soc_tick_rob_is_branch_RAM_AUTO_1R1W_14 |          6 |          5 |       1 |    0 |     1 |      0 |      0 |    0 |          0 |
|   rob_ready_U                                                             |                              riscv_soc_tick_rob_valid_RAM_AUTO_1R1W_15 |        120 |        120 |       0 |    0 |     0 |      0 |      1 |    0 |          0 |
|   rob_sdata_U                                                             |                               riscv_soc_tick_rob_addr_RAM_AUTO_1R1W_16 |         34 |         34 |       0 |    0 |     0 |      1 |      0 |    0 |          0 |
|   rob_takes_trap_U                                                        |                          riscv_soc_tick_rob_is_branch_RAM_AUTO_1R1W_17 |         23 |         22 |       1 |    0 |     1 |      0 |      0 |    0 |          0 |
|   rob_valid_U                                                             |                              riscv_soc_tick_rob_valid_RAM_AUTO_1R1W_18 |        417 |        417 |       0 |    0 |     0 |      0 |      1 |    0 |          0 |
|   rob_value_U                                                             |                               riscv_soc_tick_rob_addr_RAM_AUTO_1R1W_19 |       1006 |       1006 |       0 |    0 |     0 |      1 |      0 |    0 |          0 |
|   sdiv_32s_32s_32_36_seq_1_U517                                           |                                riscv_soc_tick_sdiv_32s_32s_32_36_seq_1 |        121 |        120 |       0 |    1 |   166 |      0 |      0 |    0 |          0 |
|     (sdiv_32s_32s_32_36_seq_1_U517)                                       |                                riscv_soc_tick_sdiv_32s_32s_32_36_seq_1 |          5 |          5 |       0 |    0 |    35 |      0 |      0 |    0 |          0 |
|     riscv_soc_tick_sdiv_32s_32s_32_36_seq_1_divseq_u                      |                         riscv_soc_tick_sdiv_32s_32s_32_36_seq_1_divseq |        116 |        115 |       0 |    1 |   131 |      0 |      0 |    0 |          0 |
|   srem_32s_32s_32_36_seq_1_U515                                           |                                riscv_soc_tick_srem_32s_32s_32_36_seq_1 |        141 |        140 |       0 |    1 |   165 |      0 |      0 |    0 |          0 |
|     (srem_32s_32s_32_36_seq_1_U515)                                       |                                riscv_soc_tick_srem_32s_32s_32_36_seq_1 |         28 |         28 |       0 |    0 |    33 |      0 |      0 |    0 |          0 |
|     riscv_soc_tick_srem_32s_32s_32_36_seq_1_divseq_u                      |                         riscv_soc_tick_srem_32s_32s_32_36_seq_1_divseq |        113 |        112 |       0 |    1 |   132 |      0 |      0 |    0 |          0 |
|   tage_base_U                                                             |                                 riscv_soc_tick_tage_base_RAM_AUTO_1R1W |         19 |          3 |      16 |    0 |     2 |      0 |      0 |    0 |          0 |
|   tage_t_ctr_U                                                            |                                riscv_soc_tick_tage_t_ctr_RAM_AUTO_1R1W |         47 |         11 |      36 |    0 |     4 |      0 |      0 |    0 |          0 |
|   tage_t_tag_U                                                            |                                riscv_soc_tick_tage_t_tag_RAM_AUTO_1R1W |        160 |        160 |       0 |    0 |     0 |      0 |      1 |    0 |          0 |
|   tage_t_u_U                                                              |                                  riscv_soc_tick_tage_t_u_RAM_AUTO_1R1W |         17 |          5 |      12 |    0 |     2 |      0 |      0 |    0 |          0 |
|   udiv_32s_32s_32_36_seq_1_U516                                           |                                riscv_soc_tick_udiv_32s_32s_32_36_seq_1 |        681 |        680 |       0 |    1 |   194 |      0 |      0 |    0 |          0 |
|     (udiv_32s_32s_32_36_seq_1_U516)                                       |                                riscv_soc_tick_udiv_32s_32s_32_36_seq_1 |        600 |        600 |       0 |    0 |    64 |      0 |      0 |    0 |          0 |
|     riscv_soc_tick_udiv_32s_32s_32_36_seq_1_divseq_u                      |                         riscv_soc_tick_udiv_32s_32s_32_36_seq_1_divseq |         81 |         80 |       0 |    1 |   130 |      0 |      0 |    0 |          0 |
|   urem_32s_32s_32_36_seq_1_U518                                           |                                riscv_soc_tick_urem_32s_32s_32_36_seq_1 |        175 |        174 |       0 |    1 |   195 |      0 |      0 |    0 |          0 |
|     (urem_32s_32s_32_36_seq_1_U518)                                       |                                riscv_soc_tick_urem_32s_32s_32_36_seq_1 |         93 |         93 |       0 |    0 |    64 |      0 |      0 |    0 |          0 |
|     riscv_soc_tick_urem_32s_32s_32_36_seq_1_divseq_u                      |                         riscv_soc_tick_urem_32s_32s_32_36_seq_1_divseq |         82 |         81 |       0 |    1 |   131 |      0 |      0 |    0 |          0 |
|   vregs_U                                                                 |                                     riscv_soc_tick_vregs_RAM_AUTO_1R1W |        664 |        600 |      64 |    0 |    32 |      0 |      0 |    0 |          0 |
+---------------------------------------------------------------------------+------------------------------------------------------------------------+------------+------------+---------+------+-------+--------+--------+------+------------+
* Note: The sum of lower-level cells may be larger than their parent cells total, due to cross-hierarchy LUT combining


